WavPath,Predicted,Actual
MIDI2WAV/random_notes_1.wav,A5 A5 A5 A5,<|MIDI|> G#6 F2 G#7 C8 C#3 <|/MIDI|>
MIDI2WAV/random_notes_2.wav,A5 A5 A5 A5,<|MIDI|> A#5 F6 D#7 A#6 B4 <|/MIDI|>
MIDI2WAV/random_notes_3.wav,A5 A5 A5 A5,<|MIDI|> C#5 A3 F2 G#5 F#4 <|/MIDI|>
MIDI2WAV/random_notes_4.wav,A5 A5 A5 A5,<|MIDI|> F#6 F#5 G2 D#2 C#2 <|/MIDI|>
MIDI2WAV/random_notes_5.wav,A5 A5 A5 A5,<|MIDI|> E2 F2 E7 F1 F#5 <|/MIDI|>
MIDI2WAV/random_notes_6.wav,A5 A5 A5 A5,<|MIDI|> D#5 C3 A#6 D5 B2 <|/MIDI|>
MIDI2WAV/random_notes_7.wav,A5 A5 A5 A5,<|MIDI|> F2 B0 C4 F#2 B2 <|/MIDI|>
MIDI2WAV/random_notes_8.wav,A5 A5 A5 A5,<|MIDI|> F5 A3 A0 C6 F#5 <|/MIDI|>
MIDI2WAV/random_notes_9.wav,A5 A5 A5 A5,<|MIDI|> D4 C2 E7 A#5 C#3 <|/MIDI|>
MIDI2WAV/random_notes_10.wav,A1 A1 A1 A2,<|MIDI|> D#2 G#1 F#4 D3 A0 <|/MIDI|>
MIDI2WAV/random_notes_11.wav,A5 A5 A5 A5,<|MIDI|> A7 G#4 C#5 A#4 A2 <|/MIDI|>
MIDI2WAV/random_notes_12.wav,A5 A5 A5 A5,<|MIDI|> D#3 C#7 G3 G#5 F1 <|/MIDI|>
MIDI2WAV/random_notes_13.wav,A5 A5 A5 A5,<|MIDI|> D2 F#3 G#2 A#3 C#3 <|/MIDI|>
MIDI2WAV/random_notes_14.wav,A5 A5 A5 A5,<|MIDI|> F7 A1 G#5 A#0 G#6 <|/MIDI|>
MIDI2WAV/random_notes_15.wav,A5 A5 A5 A5,<|MIDI|> D4 G#4 C1 A#0 F2 <|/MIDI|>
MIDI2WAV/random_notes_16.wav,A5 A5 A5 A5,<|MIDI|> B7 E7 G#6 B2 D#4 <|/MIDI|>
MIDI2WAV/random_notes_17.wav,A5 A5 A5 A5,<|MIDI|> F#2 B6 B5 B0 G#7 <|/MIDI|>
MIDI2WAV/random_notes_18.wav,A5 A5 A5 A5,<|MIDI|> B4 A1 C5 A#6 D7 <|/MIDI|>
MIDI2WAV/random_notes_19.wav,A1 A1 A1 A2,<|MIDI|> F3 A0 D#2 D#3 A1 <|/MIDI|>
MIDI2WAV/random_notes_20.wav,A5 A5 A5 A5,<|MIDI|> F#1 F#6 C4 C4 A#0 <|/MIDI|>
MIDI2WAV/random_notes_21.wav,A5 A5 A5 A5,<|MIDI|> D#4 A#7 B0 F#6 B4 <|/MIDI|>
MIDI2WAV/random_notes_22.wav,A5 A5 A5 A5,<|MIDI|> F6 C#2 G#5 D3 A#2 <|/MIDI|>
MIDI2WAV/random_notes_23.wav,A1 A1 A1 A2,<|MIDI|> A#1 C2 C8 G7 C#7 <|/MIDI|>
MIDI2WAV/random_notes_24.wav,A5 A5 A5 A5,<|MIDI|> A#4 D2 B0 G#6 G6 <|/MIDI|>
MIDI2WAV/random_notes_25.wav,A5 A5 A5 A5,<|MIDI|> C#5 D#5 F#7 F4 D6 <|/MIDI|>
MIDI2WAV/random_notes_26.wav,A5 A5 A5 A5,<|MIDI|> C#2 B1 G3 E6 G5 <|/MIDI|>
MIDI2WAV/random_notes_27.wav,A5 A5 A5 A5,<|MIDI|> D5 F7 G5 D2 D#7 <|/MIDI|>
MIDI2WAV/random_notes_28.wav,A5 A5 A5 A5,<|MIDI|> C8 D#6 F1 A7 C6 <|/MIDI|>
MIDI2WAV/random_notes_29.wav,A5 A5 A5 A5,<|MIDI|> F7 E4 B0 G#5 F#2 <|/MIDI|>
MIDI2WAV/random_notes_30.wav,A5 A5 A5 A5,<|MIDI|> F4 G7 A#0 D2 B5 <|/MIDI|>
MIDI2WAV/random_notes_31.wav,A5 A5 A5 A5,<|MIDI|> C3 D6 A#1 C1 F#6 <|/MIDI|>
MIDI2WAV/random_notes_32.wav,A5 A5 A5 A5,<|MIDI|> B1 D#3 D2 D5 F#4 <|/MIDI|>
MIDI2WAV/random_notes_33.wav,A5 A5 A5 A5,<|MIDI|> G#6 F5 E7 C1 D3 <|/MIDI|>
MIDI2WAV/random_notes_34.wav,A5 A5 A5 A5,<|MIDI|> A#3 A#6 D#2 A0 A0 <|/MIDI|>
MIDI2WAV/random_notes_35.wav,A5 A5 A5 A5,<|MIDI|> D#4 A#0 D3 G#6 C5 <|/MIDI|>
MIDI2WAV/random_notes_36.wav,D2 A5 D5 A5 A5,<|MIDI|> D4 D#5 C2 D2 D#5 <|/MIDI|>
MIDI2WAV/random_notes_37.wav,A5 A5 A5 A5,<|MIDI|> D#4 C1 A6 B3 A#2 <|/MIDI|>
MIDI2WAV/random_notes_38.wav,A5 A5 A5 A5,<|MIDI|> E3 C#4 C2 B3 D7 <|/MIDI|>
MIDI2WAV/random_notes_39.wav,A5 A5 A5 A5,<|MIDI|> D1 C#6 F#4 C#5 F1 <|/MIDI|>
MIDI2WAV/random_notes_40.wav,A5 A5 A5 A5,<|MIDI|> B4 C#1 C#1 A#3 D1 <|/MIDI|>
MIDI2WAV/random_notes_41.wav,A5 A5 A5 A5,<|MIDI|> E6 G3 E7 A2 F#4 <|/MIDI|>
MIDI2WAV/random_notes_42.wav,A5 A5 A5 A5,<|MIDI|> C1 E1 F#1 C3 F#6 <|/MIDI|>
MIDI2WAV/random_notes_43.wav,A5 A5 A5 A5,<|MIDI|> F#3 F4 C6 D#5 G#1 <|/MIDI|>
MIDI2WAV/random_notes_44.wav,A1 A1 A1 A2,<|MIDI|> B1 A#0 C#5 F1 G#2 <|/MIDI|>
MIDI2WAV/random_notes_45.wav,A3 A5 A5 A5,<|MIDI|> G3 E2 C#2 G#1 C1 <|/MIDI|>
MIDI2WAV/random_notes_46.wav,A5 A5 A5 A5,<|MIDI|> F#6 C6 A#0 F1 G#3 <|/MIDI|>
MIDI2WAV/random_notes_47.wav,A5 A5 A5 A5,<|MIDI|> E2 A1 B4 D4 C3 <|/MIDI|>
MIDI2WAV/random_notes_48.wav,A5 A5 A5 A5,<|MIDI|> A1 A6 G1 A#6 D3 <|/MIDI|>
MIDI2WAV/random_notes_49.wav,A5 A5 A5 A5,<|MIDI|> B4 D#5 D4 G2 C#4 <|/MIDI|>
MIDI2WAV/random_notes_50.wav,A5 A5 A5 A5,<|MIDI|> F6 F6 D7 E7 E6 <|/MIDI|>
MIDI2WAV/random_notes_51.wav,A5 A5 A5 A5,<|MIDI|> E7 F2 A#0 C4 C7 <|/MIDI|>
MIDI2WAV/random_notes_52.wav,A5 A5 A5 A5,<|MIDI|> D#2 A1 F#4 E3 C#5 <|/MIDI|>
MIDI2WAV/random_notes_53.wav,A5 A5 A5 A5,<|MIDI|> G4 C#4 B6 F1 E7 <|/MIDI|>
MIDI2WAV/random_notes_54.wav,A5 A5 A5 A5,<|MIDI|> A#1 G#5 G#6 A3 A#0 <|/MIDI|>
MIDI2WAV/random_notes_55.wav,A5 A5 A5 A5,<|MIDI|> C#6 A#2 G4 G1 F#1 <|/MIDI|>
MIDI2WAV/random_notes_56.wav,A5 A5 A5 A5,<|MIDI|> F#2 A#5 A#5 D#7 B0 <|/MIDI|>
MIDI2WAV/random_notes_57.wav,A5 A5 A5 A5,<|MIDI|> A2 A4 C#1 D1 G1 <|/MIDI|>
MIDI2WAV/random_notes_58.wav,A5 A5 A5 A5,<|MIDI|> A#0 B7 C4 A5 F7 <|/MIDI|>
MIDI2WAV/random_notes_59.wav,A5 A5 A5 A5,<|MIDI|> D#3 D#7 G#4 C#1 A#1 <|/MIDI|>
MIDI2WAV/random_notes_60.wav,A5 A5 A5 A5,<|MIDI|> F#2 C4 D4 C4 A#6 <|/MIDI|>
MIDI2WAV/random_notes_61.wav,A5 A5 A5 A5,<|MIDI|> G#7 C#6 A3 E5 F#5 <|/MIDI|>
MIDI2WAV/random_notes_62.wav,A5 A5 A5 A5,<|MIDI|> B7 G6 E4 A#0 B0 <|/MIDI|>
MIDI2WAV/random_notes_63.wav,A5 A5 A5 A5,<|MIDI|> A#1 A#2 F2 D#7 B2 <|/MIDI|>
MIDI2WAV/random_notes_64.wav,A5 A5 A5 A5,<|MIDI|> F3 F#4 F#4 C1 D5 <|/MIDI|>
MIDI2WAV/random_notes_65.wav,A5 A5 A5 A5,<|MIDI|> C3 G#4 F#6 B6 G6 <|/MIDI|>
MIDI2WAV/random_notes_66.wav,A5 A5 A5 A5,<|MIDI|> D#3 D7 A4 C#3 B7 <|/MIDI|>
MIDI2WAV/random_notes_67.wav,A5 A5 A5 A5,<|MIDI|> B2 B4 F#5 A#2 A4 <|/MIDI|>
MIDI2WAV/random_notes_68.wav,A5 A5 A5 A5,<|MIDI|> D5 A6 F4 G5 G#2 <|/MIDI|>
MIDI2WAV/random_notes_69.wav,A5 A5 A5 A5,<|MIDI|> D#7 A#4 A#4 A3 C3 <|/MIDI|>
MIDI2WAV/random_notes_70.wav,A5 A5 A5 A5,<|MIDI|> G#3 B0 D#1 A#5 F6 <|/MIDI|>
MIDI2WAV/random_notes_71.wav,A5 A5 A5 A5,<|MIDI|> B1 F#6 C1 F#2 F2 <|/MIDI|>
MIDI2WAV/random_notes_72.wav,A5 A5 A5 A5,<|MIDI|> B5 G#7 B2 C#1 A#3 <|/MIDI|>
MIDI2WAV/random_notes_73.wav,A5 A5 A5 A5,<|MIDI|> F4 C4 B4 G#3 E3 <|/MIDI|>
MIDI2WAV/random_notes_74.wav,A1 A1 A1 A2,<|MIDI|> G#1 A#0 A#2 G1 A3 <|/MIDI|>
MIDI2WAV/random_notes_75.wav,A5 A5 A5 A5,<|MIDI|> D#2 G2 B5 A0 G4 <|/MIDI|>
MIDI2WAV/random_notes_76.wav,A5 A5 A5 A5,<|MIDI|> G#1 D#1 A#0 F2 B6 <|/MIDI|>
MIDI2WAV/random_notes_77.wav,A5 A5 A5 A5,<|MIDI|> F#3 F6 G#6 A#0 A2 <|/MIDI|>
MIDI2WAV/random_notes_78.wav,A1 A1 A5 A5,<|MIDI|> E1 E4 C#4 A#2 A#1 <|/MIDI|>
MIDI2WAV/random_notes_79.wav,A5 A5 A5 A5,<|MIDI|> G6 G4 F3 A#7 G#7 <|/MIDI|>
MIDI2WAV/random_notes_80.wav,A5 A5 A5 A5,<|MIDI|> E4 D7 F#7 F5 B4 <|/MIDI|>
MIDI2WAV/random_notes_81.wav,A5 A5 A5 A5,<|MIDI|> D#3 D#1 F7 G7 E5 <|/MIDI|>
MIDI2WAV/random_notes_82.wav,A5 A5 A5 A5,<|MIDI|> B3 C6 G#4 F#5 C#3 <|/MIDI|>
MIDI2WAV/random_notes_83.wav,A7 D7 A7 A7,<|MIDI|> F#7 A#7 E7 C#4 C#1 <|/MIDI|>
MIDI2WAV/random_notes_84.wav,A5 A5 A5 A5,<|MIDI|> B4 D6 G#7 C3 D#1 <|/MIDI|>
MIDI2WAV/random_notes_85.wav,A5 A5 A5 A5,<|MIDI|> D2 A#5 E4 A#7 C#3 <|/MIDI|>
MIDI2WAV/random_notes_86.wav,A5 A5 A5 A5,<|MIDI|> G#7 D4 C7 D#2 D#1 <|/MIDI|>
MIDI2WAV/random_notes_87.wav,A5 A5 A5 A5,<|MIDI|> A#3 F#1 G2 C4 G#3 <|/MIDI|>
MIDI2WAV/random_notes_88.wav,A5 A5 A5 A5,<|MIDI|> C#2 G#6 G#1 F#2 D7 <|/MIDI|>
MIDI2WAV/random_notes_89.wav,A5 A5 A5 A5,<|MIDI|> C#6 D#2 D1 A3 A#5 <|/MIDI|>
MIDI2WAV/random_notes_90.wav,A5 A5 A5 A5,<|MIDI|> D#7 C4 D#1 A#5 F#5 <|/MIDI|>
MIDI2WAV/random_notes_91.wav,A5 A5 A5 A5,<|MIDI|> F4 E2 B2 C5 A#0 <|/MIDI|>
MIDI2WAV/random_notes_92.wav,A5 A5 A5 A5,<|MIDI|> A4 A3 D#5 D#3 D6 <|/MIDI|>
MIDI2WAV/random_notes_93.wav,A5 A5 A5 A5,<|MIDI|> C#1 G#7 F7 D#3 A4 <|/MIDI|>
MIDI2WAV/random_notes_94.wav,A5 A5 A5 A5,<|MIDI|> D#3 C#5 F7 G7 A#6 <|/MIDI|>
MIDI2WAV/random_notes_95.wav,A5 A5 A5 A5,<|MIDI|> F#1 B5 A#1 C#3 C7 <|/MIDI|>
MIDI2WAV/random_notes_96.wav,A5 A5 A5 A5,<|MIDI|> F#1 C5 A#3 A#1 C#5 <|/MIDI|>
MIDI2WAV/random_notes_97.wav,A5 A5 A5 A5,<|MIDI|> G#1 A4 C#5 D7 G7 <|/MIDI|>
MIDI2WAV/random_notes_98.wav,A5 A5 A5 A5,<|MIDI|> E4 G5 F3 F6 A#6 <|/MIDI|>
MIDI2WAV/random_notes_99.wav,A5 A5 A5 A5,<|MIDI|> D3 C#3 E5 C8 F3 <|/MIDI|>
MIDI2WAV/random_notes_100.wav,A5 A5 A5 A5,<|MIDI|> A#6 D2 A#3 E5 C8 <|/MIDI|>
MIDI2WAV/random_notes_101.wav,A5 A5 A5 A5,<|MIDI|> E3 B5 A4 B7 B1 <|/MIDI|>
MIDI2WAV/random_notes_102.wav,A5 A5 A5 A5,<|MIDI|> F6 D2 F3 C3 E7 <|/MIDI|>
MIDI2WAV/random_notes_103.wav,A5 A5 A5 A6,<|MIDI|> C#6 B1 G7 E6 A1 <|/MIDI|>
MIDI2WAV/random_notes_104.wav,A5 A5 A5 A5,<|MIDI|> G7 E5 D6 B6 C5 <|/MIDI|>
MIDI2WAV/random_notes_105.wav,A5 A5 A5 A5,<|MIDI|> F2 C2 G7 F6 A#3 <|/MIDI|>
MIDI2WAV/random_notes_106.wav,A5 A5 A5 A5,<|MIDI|> A#5 F7 B7 F#3 A3 <|/MIDI|>
MIDI2WAV/random_notes_107.wav,A1 A1 A1 A2,<|MIDI|> D2 D3 G1 A7 A#7 <|/MIDI|>
MIDI2WAV/random_notes_108.wav,A5 A5 A5 A5,<|MIDI|> B2 E5 B0 C5 F#7 <|/MIDI|>
MIDI2WAV/random_notes_109.wav,A5 A5 A5 A5,<|MIDI|> D#3 A#7 D2 C#5 C2 <|/MIDI|>
MIDI2WAV/random_notes_110.wav,A5 A5 A5 A5,<|MIDI|> A#1 F#5 C1 G7 F#6 <|/MIDI|>
MIDI2WAV/random_notes_111.wav,A5 A5 A5 A5,<|MIDI|> D#5 E4 D#4 D6 E6 <|/MIDI|>
MIDI2WAV/random_notes_112.wav,A5 A5 A5 A5,<|MIDI|> G#3 A4 G6 A#3 A#4 <|/MIDI|>
MIDI2WAV/random_notes_113.wav,A5 A5 A5 A5,<|MIDI|> E1 G6 A#4 F3 E2 <|/MIDI|>
MIDI2WAV/random_notes_114.wav,A5 A5 A5 A5,<|MIDI|> G5 C#4 A#2 E7 G5 <|/MIDI|>
MIDI2WAV/random_notes_115.wav,A1 A1 A1 A2,<|MIDI|> A#0 F1 D3 D3 B1 <|/MIDI|>
MIDI2WAV/random_notes_116.wav,A5 A5 A5 A5,<|MIDI|> E4 C1 G#3 C1 A4 <|/MIDI|>
MIDI2WAV/random_notes_117.wav,A5 A5 A5 A5,<|MIDI|> C6 D6 A7 F#3 B4 <|/MIDI|>
MIDI2WAV/random_notes_118.wav,A1 A1 A1 A2,<|MIDI|> A0 B0 E6 A1 E3 <|/MIDI|>
MIDI2WAV/random_notes_119.wav,A5 A5 A5 A5,<|MIDI|> F#5 A5 C3 A#1 A#5 <|/MIDI|>
MIDI2WAV/random_notes_120.wav,A5 A5 A5 A5,<|MIDI|> E4 C8 E7 B6 B3 <|/MIDI|>
MIDI2WAV/random_notes_121.wav,A5 A5 A5 A5,<|MIDI|> G#5 B6 F#1 C1 C7 <|/MIDI|>
MIDI2WAV/random_notes_122.wav,A5 A5 A5 A5,<|MIDI|> G2 B0 G#6 C#7 B5 <|/MIDI|>
MIDI2WAV/random_notes_123.wav,A5 A5 A5 A5,<|MIDI|> C7 D#1 E2 A3 C#6 <|/MIDI|>
MIDI2WAV/random_notes_124.wav,A5 A5 A5 A5,<|MIDI|> G4 D3 B6 A6 D#2 <|/MIDI|>
MIDI2WAV/random_notes_125.wav,A5 A5 A5 A5,<|MIDI|> F#3 A#1 G#3 C3 C#4 <|/MIDI|>
MIDI2WAV/random_notes_126.wav,A5 A5 A5 A5,<|MIDI|> D5 F#6 C#7 G1 C#6 <|/MIDI|>
MIDI2WAV/random_notes_127.wav,A5 A5 A5 A5,<|MIDI|> C3 D2 A#2 E6 B1 <|/MIDI|>
MIDI2WAV/random_notes_128.wav,A5 A5 A5 A5,<|MIDI|> D4 B1 B1 F#4 G7 <|/MIDI|>
MIDI2WAV/random_notes_129.wav,A5 A5 A5 A5,<|MIDI|> B2 E2 G3 G2 G4 <|/MIDI|>
MIDI2WAV/random_notes_130.wav,A5 A5 A5 A5,<|MIDI|> A6 A#4 D#7 F6 C3 <|/MIDI|>
MIDI2WAV/random_notes_131.wav,A5 A5 A5 A5,<|MIDI|> G3 A7 B3 D#6 F3 <|/MIDI|>
MIDI2WAV/random_notes_132.wav,A5 A5 A5 A5,<|MIDI|> F#4 F6 C8 C8 D#4 <|/MIDI|>
MIDI2WAV/random_notes_133.wav,A5 A5 A5 A5,<|MIDI|> G1 G6 A4 G#6 F#7 <|/MIDI|>
MIDI2WAV/random_notes_134.wav,A5 A5 A5 A5,<|MIDI|> C7 D#5 F#4 A1 F#5 <|/MIDI|>
MIDI2WAV/random_notes_135.wav,A5 A5 A5 A5,<|MIDI|> B7 C6 D#7 C3 B2 <|/MIDI|>
MIDI2WAV/random_notes_136.wav,A5 A5 A5 A5,<|MIDI|> G2 A1 G#2 C#6 C7 <|/MIDI|>
MIDI2WAV/random_notes_137.wav,A1 A1 A1 A2,<|MIDI|> D1 C#1 A5 C2 F#7 <|/MIDI|>
MIDI2WAV/random_notes_138.wav,A5 A5 A5 A5,<|MIDI|> A1 E7 C#5 A6 A#5 <|/MIDI|>
MIDI2WAV/random_notes_139.wav,A5 A5 A5 A5,<|MIDI|> E7 G#2 B3 A0 G3 <|/MIDI|>
MIDI2WAV/random_notes_140.wav,A5 A5 A5 A5,<|MIDI|> D#2 F#5 C7 D#7 F#1 <|/MIDI|>
MIDI2WAV/random_notes_141.wav,A5 A5 A5 A5,<|MIDI|> B2 A#1 F5 C#4 A#7 <|/MIDI|>
MIDI2WAV/random_notes_142.wav,A5 A5 A5 A5,<|MIDI|> E2 C#7 C3 C4 A#2 <|/MIDI|>
MIDI2WAV/random_notes_143.wav,A5 A5 A5 A5,<|MIDI|> E4 E6 F#5 F2 G#1 <|/MIDI|>
MIDI2WAV/random_notes_144.wav,A3 A5 A5 A5,<|MIDI|> A7 D#2 A3 G#2 F#1 <|/MIDI|>
MIDI2WAV/random_notes_145.wav,A5 A5 A5 A5,<|MIDI|> A6 G6 A0 A1 B5 <|/MIDI|>
MIDI2WAV/random_notes_146.wav,A5 A5 A5 A5,<|MIDI|> A#4 E6 G1 F#2 G#3 <|/MIDI|>
MIDI2WAV/random_notes_147.wav,A5 A5 A5 A5,<|MIDI|> G#5 C#5 C2 A1 A3 <|/MIDI|>
MIDI2WAV/random_notes_148.wav,A5 A5 A5 A5,<|MIDI|> C1 A#1 A#0 D7 F5 <|/MIDI|>
MIDI2WAV/random_notes_149.wav,A5 A5 A5 A5,<|MIDI|> D#3 F#7 G#5 B0 C7 <|/MIDI|>
MIDI2WAV/random_notes_150.wav,A5 A5 A5 A5 A5,<|MIDI|> F#4 B4 D#3 F#7 G7 <|/MIDI|>
MIDI2WAV/random_notes_151.wav,A5 A5 A5 A5,<|MIDI|> F#3 A4 F#4 A#6 G#7 <|/MIDI|>
MIDI2WAV/random_notes_152.wav,A5 A5 A5 A5,<|MIDI|> C5 F#7 A4 G#6 G#3 <|/MIDI|>
MIDI2WAV/random_notes_153.wav,A5 A5 A5 A5,<|MIDI|> E5 D#4 G6 E2 E2 <|/MIDI|>
MIDI2WAV/random_notes_154.wav,A5 A5 A5 A5,<|MIDI|> A0 D5 C#4 G#2 F6 <|/MIDI|>
MIDI2WAV/random_notes_155.wav,A5 A5 A5 A5,<|MIDI|> A#6 G#7 F2 C#4 F#6 <|/MIDI|>
MIDI2WAV/random_notes_156.wav,A5 A5 A5 A5,<|MIDI|> G2 G6 E6 D#6 G3 <|/MIDI|>
MIDI2WAV/random_notes_157.wav,A5 A5 A5 A5,<|MIDI|> E4 D#5 C#4 B2 D5 <|/MIDI|>
MIDI2WAV/random_notes_158.wav,A5 A5 A5 A5,<|MIDI|> D#4 E5 C5 F7 C#3 <|/MIDI|>
MIDI2WAV/random_notes_159.wav,A5 A5 A5 A5,<|MIDI|> B4 C#2 B4 C4 C5 <|/MIDI|>
MIDI2WAV/random_notes_160.wav,A5 A5 A5 A5,<|MIDI|> A#0 C#3 D5 A#1 C#4 <|/MIDI|>
MIDI2WAV/random_notes_161.wav,A5 A5 A5 A5,<|MIDI|> G2 F5 C2 D#2 F#2 <|/MIDI|>
MIDI2WAV/random_notes_162.wav,A1 A1 A1 A2,<|MIDI|> G#3 C1 A#7 A2 B7 <|/MIDI|>
MIDI2WAV/random_notes_163.wav,A5 A5 A5 A5,<|MIDI|> C#3 B5 A#1 F#2 F7 <|/MIDI|>
MIDI2WAV/random_notes_164.wav,A5 A5 A5 A5,<|MIDI|> A0 E6 A#2 E5 G2 <|/MIDI|>
MIDI2WAV/random_notes_165.wav,A5 A5 A5 A5,<|MIDI|> D7 A#4 A#0 B5 D#1 <|/MIDI|>
MIDI2WAV/random_notes_166.wav,A5 A5 A5 A5,<|MIDI|> B3 G7 C#2 C7 F3 <|/MIDI|>
MIDI2WAV/random_notes_167.wav,A5 A5 A5 A5,<|MIDI|> A#0 A4 D#1 D#3 D6 <|/MIDI|>
MIDI2WAV/random_notes_168.wav,A5 A5 A5 A5,<|MIDI|> D#1 F#6 B3 D#5 D5 <|/MIDI|>
MIDI2WAV/random_notes_169.wav,A5 A5 A5 A5,<|MIDI|> D7 C#5 A#5 D2 C#3 <|/MIDI|>
MIDI2WAV/random_notes_170.wav,A5 A5 A5 A5,<|MIDI|> A5 C8 C#3 A2 D3 <|/MIDI|>
MIDI2WAV/random_notes_171.wav,A5 A5 A5 A5,<|MIDI|> D#4 D1 B4 D#4 F6 <|/MIDI|>
MIDI2WAV/random_notes_172.wav,A5 A5 A5 A5,<|MIDI|> C#4 A#3 B6 F#2 D7 <|/MIDI|>
MIDI2WAV/random_notes_173.wav,A1 A1 A1 A2,<|MIDI|> G#1 B7 E1 F#1 D4 <|/MIDI|>
MIDI2WAV/random_notes_174.wav,A5 A5 A5 A5,<|MIDI|> F6 B7 B5 F7 D6 <|/MIDI|>
MIDI2WAV/random_notes_175.wav,A5 A5 A5 A5,<|MIDI|> C7 B4 A#5 G#5 A1 <|/MIDI|>
MIDI2WAV/random_notes_176.wav,A5 A5 A5 A5,<|MIDI|> G#3 G#4 D#6 B5 C4 <|/MIDI|>
MIDI2WAV/random_notes_177.wav,A5 A5 A5 A5,<|MIDI|> C4 D5 C1 A7 F#6 <|/MIDI|>
MIDI2WAV/random_notes_178.wav,A5 A5 A5 A5,<|MIDI|> C7 C3 G#7 F#3 D4 <|/MIDI|>
MIDI2WAV/random_notes_179.wav,A1 A1 A1 A2,<|MIDI|> A0 G#6 A6 E3 C#2 <|/MIDI|>
MIDI2WAV/random_notes_180.wav,A5 A5 A5 A5,<|MIDI|> G7 A#3 D7 E2 G#1 <|/MIDI|>
MIDI2WAV/random_notes_181.wav,A5 A5 A5 A5,<|MIDI|> A4 A6 A0 A6 A7 <|/MIDI|>
MIDI2WAV/random_notes_182.wav,A5 A5 A5 A5,<|MIDI|> G#2 F#7 G#6 C#1 G#2 <|/MIDI|>
MIDI2WAV/random_notes_183.wav,A5 A5 A5 A5,<|MIDI|> E5 A1 E5 A1 G#1 <|/MIDI|>
MIDI2WAV/random_notes_184.wav,A5 A5 A5 A5,<|MIDI|> F#3 C#7 G7 F#2 A7 <|/MIDI|>
MIDI2WAV/random_notes_185.wav,A5 A5 A5 A5,<|MIDI|> A3 B0 C8 G3 F6 <|/MIDI|>
MIDI2WAV/random_notes_186.wav,A1 A1 A1 A2,<|MIDI|> G#3 C2 D6 B7 G#1 <|/MIDI|>
MIDI2WAV/random_notes_187.wav,A5 A5 A5 A5,<|MIDI|> G#6 C8 A#7 G2 G#7 <|/MIDI|>
MIDI2WAV/random_notes_188.wav,A5 A5 A5 A5,<|MIDI|> D#6 A6 D1 A#1 A7 <|/MIDI|>
MIDI2WAV/random_notes_189.wav,A5 A5 A5 A5,<|MIDI|> A#3 C#2 A#7 E1 G#4 <|/MIDI|>
MIDI2WAV/random_notes_190.wav,A5 A5 A5 A5,<|MIDI|> B7 F5 F5 A#2 E4 <|/MIDI|>
MIDI2WAV/random_notes_191.wav,A5 A5 A5 A5,<|MIDI|> D1 D1 F#5 D#6 B5 <|/MIDI|>
MIDI2WAV/random_notes_192.wav,A5 A5 A5 A5,<|MIDI|> B3 A#0 B4 D5 C#7 <|/MIDI|>
MIDI2WAV/random_notes_193.wav,A5 A5 A5 A5,<|MIDI|> D#3 G#6 C3 A3 G7 <|/MIDI|>
MIDI2WAV/random_notes_194.wav,A5 A5 A5 A5,<|MIDI|> C8 D2 G#5 B1 B6 <|/MIDI|>
MIDI2WAV/random_notes_195.wav,A5 A5 A5 A5,<|MIDI|> C#1 G#6 G3 E7 F5 <|/MIDI|>
MIDI2WAV/random_notes_196.wav,A5 A5 A5 A5,<|MIDI|> C7 A0 D4 F#2 A#2 <|/MIDI|>
MIDI2WAV/random_notes_197.wav,A5 A5 A5 A5,<|MIDI|> C#6 E2 C3 C5 B6 <|/MIDI|>
MIDI2WAV/random_notes_198.wav,A5 A5 A5 A5,<|MIDI|> E4 G1 D6 G#4 A3 <|/MIDI|>
MIDI2WAV/random_notes_199.wav,A1 A1 A1 A2,<|MIDI|> C#1 C1 A#1 F#6 D#1 <|/MIDI|>
MIDI2WAV/random_notes_200.wav,A5 A5 A5 A5,<|MIDI|> C#7 E6 C2 D#3 D#7 <|/MIDI|>
MIDI2WAV/random_notes_201.wav,A5 A5 A5 A5,<|MIDI|> A0 D#1 A#3 D#4 G5 <|/MIDI|>
MIDI2WAV/random_notes_202.wav,A1 A1 A1 A2,<|MIDI|> D#3 G#1 C1 A#7 F7 <|/MIDI|>
MIDI2WAV/random_notes_203.wav,A5 A5 A5 A5,<|MIDI|> B1 F6 D5 D2 G#7 <|/MIDI|>
MIDI2WAV/random_notes_204.wav,A5 A5 A5 A5,<|MIDI|> G#2 F6 F#3 C#6 G3 <|/MIDI|>
MIDI2WAV/random_notes_205.wav,A5 A5 A5 A5,<|MIDI|> E5 E5 D4 C#1 C#7 <|/MIDI|>
MIDI2WAV/random_notes_206.wav,A5 A5 A5 A5,<|MIDI|> B6 F3 C#1 E1 B1 <|/MIDI|>
MIDI2WAV/random_notes_207.wav,A5 A5 A5 A5,<|MIDI|> D#7 D6 A5 A3 A#2 <|/MIDI|>
MIDI2WAV/random_notes_208.wav,A5 A5 A5 A5,<|MIDI|> C#4 G#5 C#3 G4 C#6 <|/MIDI|>
MIDI2WAV/random_notes_209.wav,A5 A5 A5 A5,<|MIDI|> B7 E3 F2 B1 B5 <|/MIDI|>
MIDI2WAV/random_notes_210.wav,A5 A5 A5 A5,<|MIDI|> F#6 C7 B0 G#5 E5 <|/MIDI|>
MIDI2WAV/random_notes_211.wav,A5 A5 A5 A5,<|MIDI|> D#3 F#3 G#6 F4 C5 <|/MIDI|>
MIDI2WAV/random_notes_212.wav,A5 A5 A5 A5,<|MIDI|> A#2 E4 C5 E6 C#1 <|/MIDI|>
MIDI2WAV/random_notes_213.wav,A5 A5 A5 A5,<|MIDI|> B6 A6 A#6 D#3 D4 <|/MIDI|>
MIDI2WAV/random_notes_214.wav,A5 A5 A5 A5,<|MIDI|> F#3 C8 A1 D6 B0 <|/MIDI|>
MIDI2WAV/random_notes_215.wav,A5 A5 A5 A5,<|MIDI|> D#3 C5 D#4 A#2 A7 <|/MIDI|>
MIDI2WAV/random_notes_216.wav,A5 A5 A5 A5,<|MIDI|> D#6 B2 F5 A#4 C#1 <|/MIDI|>
MIDI2WAV/random_notes_217.wav,A5 A5 A5 A5,<|MIDI|> D#4 G#7 A#5 G#3 G#5 <|/MIDI|>
MIDI2WAV/random_notes_218.wav,A5 A5 A5 A5,<|MIDI|> G1 D6 B0 G4 A1 <|/MIDI|>
MIDI2WAV/random_notes_219.wav,A5 A5 A5 A5,<|MIDI|> G#2 E6 A#2 G2 B1 <|/MIDI|>
MIDI2WAV/random_notes_220.wav,A5 A5 A5 A5,<|MIDI|> C7 A#1 A3 D#3 B7 <|/MIDI|>
MIDI2WAV/random_notes_221.wav,A5 A5 A5 A5,<|MIDI|> F#6 F5 G6 B2 D4 <|/MIDI|>
MIDI2WAV/random_notes_222.wav,A5 A5 A5 A5,<|MIDI|> C3 C1 D4 F1 G#5 <|/MIDI|>
MIDI2WAV/random_notes_223.wav,A5 A5 A5 A5,<|MIDI|> C2 D6 F7 D#5 G#2 <|/MIDI|>
MIDI2WAV/random_notes_224.wav,A5 A5 A5 A5,<|MIDI|> G7 F3 D4 C#2 D6 <|/MIDI|>
MIDI2WAV/random_notes_225.wav,A5 A5 A5 A5,<|MIDI|> C4 D#6 C#3 G#5 A#3 <|/MIDI|>
MIDI2WAV/random_notes_226.wav,A5 A5 A5 A5,<|MIDI|> B2 D#5 F#6 A4 D5 <|/MIDI|>
MIDI2WAV/random_notes_227.wav,A5 A5 A5 A5,<|MIDI|> C7 A1 E2 F2 C#5 <|/MIDI|>
MIDI2WAV/random_notes_228.wav,A5 A5 A5 A5,<|MIDI|> E7 F5 G#4 A3 G5 <|/MIDI|>
MIDI2WAV/random_notes_229.wav,A5 A5 A5 A5,<|MIDI|> F#6 A5 E2 G#3 A5 <|/MIDI|>
MIDI2WAV/random_notes_230.wav,A5 A5 A5 A5,<|MIDI|> G#3 F6 F#5 E4 C5 <|/MIDI|>
MIDI2WAV/random_notes_231.wav,A1 A1 A5 A5,<|MIDI|> D4 D#4 B0 D2 G3 <|/MIDI|>
MIDI2WAV/random_notes_232.wav,A5 A5 A5 A5,<|MIDI|> D7 B7 G#6 F#1 E1 <|/MIDI|>
MIDI2WAV/random_notes_233.wav,A5 A5 A5 A5,<|MIDI|> D#2 D5 C3 C#5 A#0 <|/MIDI|>
MIDI2WAV/random_notes_234.wav,A1 A1 A1 A2,<|MIDI|> G#3 C#1 C#7 D4 C2 <|/MIDI|>
MIDI2WAV/random_notes_235.wav,A5 A5 A5 A5,<|MIDI|> G2 F6 B0 F4 E2 <|/MIDI|>
MIDI2WAV/random_notes_236.wav,A5 A5 A5 A5,<|MIDI|> F6 B4 G2 A2 A#5 <|/MIDI|>
MIDI2WAV/random_notes_237.wav,A5 A5 A5 A5,<|MIDI|> B3 D4 A#0 D5 D7 <|/MIDI|>
MIDI2WAV/random_notes_238.wav,A5 A5 A5 A5,<|MIDI|> F#4 C#6 F#1 F#3 D#7 <|/MIDI|>
MIDI2WAV/random_notes_239.wav,A5 A5 A5 A5,<|MIDI|> E3 G5 F5 G#3 A4 <|/MIDI|>
MIDI2WAV/random_notes_240.wav,A5 A5 A5 A5,<|MIDI|> G#2 G6 G#5 F#3 B5 <|/MIDI|>
MIDI2WAV/random_notes_241.wav,A5 A5 A5 A5,<|MIDI|> F1 F5 A3 F#7 G#7 <|/MIDI|>
MIDI2WAV/random_notes_242.wav,A5 A5 A5 A5,<|MIDI|> D3 D#6 E5 C1 A2 <|/MIDI|>
MIDI2WAV/random_notes_243.wav,A5 A5 A5 A5,<|MIDI|> C#5 F#4 A1 G7 C#6 <|/MIDI|>
MIDI2WAV/random_notes_244.wav,A5 A5 A5 A5,<|MIDI|> A#0 B2 C#5 D7 A#4 <|/MIDI|>
MIDI2WAV/random_notes_245.wav,A5 A5 A5 A5,<|MIDI|> C#5 F2 C6 E1 A#7 <|/MIDI|>
MIDI2WAV/random_notes_246.wav,A5 A5 A5 A5,<|MIDI|> D4 G3 G#6 G1 A7 <|/MIDI|>
MIDI2WAV/random_notes_247.wav,A5 A5 A5 A5,<|MIDI|> B3 B4 E7 F2 C#1 <|/MIDI|>
MIDI2WAV/random_notes_248.wav,A5 A5 A5 A5,<|MIDI|> D#7 G#5 C#5 D2 G#6 <|/MIDI|>
MIDI2WAV/random_notes_249.wav,A5 A5 A5 A5,<|MIDI|> B4 A#0 G#6 D#5 G#2 <|/MIDI|>
MIDI2WAV/random_notes_250.wav,A5 A5 A5 A5,<|MIDI|> C#6 G1 A#3 D#3 F2 <|/MIDI|>
MIDI2WAV/random_notes_251.wav,A5 A5 A5 A5,<|MIDI|> G#7 D7 F#3 C1 A#5 <|/MIDI|>
MIDI2WAV/random_notes_252.wav,A5 A5 A5 A5,<|MIDI|> B4 A2 B3 D#3 A7 <|/MIDI|>
MIDI2WAV/random_notes_253.wav,A5 A5 A5 A5,<|MIDI|> F#4 F#1 D5 C6 D7 <|/MIDI|>
MIDI2WAV/random_notes_254.wav,A5 A5 A5 A5,<|MIDI|> F#6 C#2 G#1 G4 C#1 <|/MIDI|>
MIDI2WAV/random_notes_255.wav,A5 A5 A5 A5,<|MIDI|> E1 A7 F7 G2 F#2 <|/MIDI|>
MIDI2WAV/random_notes_256.wav,A5 A5 A5 A5,<|MIDI|> D#4 G7 G1 F#2 F#6 <|/MIDI|>
MIDI2WAV/random_notes_257.wav,A5 A5 A5 A5,<|MIDI|> A1 D5 E3 B5 A0 <|/MIDI|>
MIDI2WAV/random_notes_258.wav,A5 A5 A5 A5,<|MIDI|> C1 D6 B3 D#7 C#3 <|/MIDI|>
MIDI2WAV/random_notes_259.wav,A5 A5 A5 A5,<|MIDI|> F4 E4 D5 E3 G#2 <|/MIDI|>
MIDI2WAV/random_notes_260.wav,A5 A5 A5 A5,<|MIDI|> C2 A4 F1 F#5 A5 <|/MIDI|>
MIDI2WAV/random_notes_261.wav,A5 A5 A5 A5,<|MIDI|> A#5 G2 G#3 A5 B4 <|/MIDI|>
MIDI2WAV/random_notes_262.wav,A1 A1 A1 A2,<|MIDI|> A3 D2 A1 A3 F3 <|/MIDI|>
MIDI2WAV/random_notes_263.wav,A5 A5 A5 A5,<|MIDI|> C#4 A7 C#1 A#7 D#5 <|/MIDI|>
MIDI2WAV/random_notes_264.wav,A1 A1 A1 A2,<|MIDI|> B1 F7 F4 D#1 A0 <|/MIDI|>
MIDI2WAV/random_notes_265.wav,A5 A5 A5 A5,<|MIDI|> F1 C3 D2 C5 E5 <|/MIDI|>
MIDI2WAV/random_notes_266.wav,A1 A1 A1 A2,<|MIDI|> E4 G1 F3 C1 G7 <|/MIDI|>
MIDI2WAV/random_notes_267.wav,A5 A5 A5 A5,<|MIDI|> F#7 F#5 D7 B3 D4 <|/MIDI|>
MIDI2WAV/random_notes_268.wav,A5 A5 A5 A5,<|MIDI|> D1 E2 E5 E7 D4 <|/MIDI|>
MIDI2WAV/random_notes_269.wav,A5 A5 A5 A5,<|MIDI|> E2 A3 F#7 E3 A2 <|/MIDI|>
MIDI2WAV/random_notes_270.wav,A5 A5 A5 A5,<|MIDI|> C4 B5 C#5 F6 G6 <|/MIDI|>
MIDI2WAV/random_notes_271.wav,A5 A5 A5 A5,<|MIDI|> G7 D#1 D5 A5 F4 <|/MIDI|>
MIDI2WAV/random_notes_272.wav,A5 A5 A5 A5,<|MIDI|> E7 A2 E5 B0 C5 <|/MIDI|>
MIDI2WAV/random_notes_273.wav,A5 A5 A5 A5,<|MIDI|> A3 C#4 D6 C8 D#7 <|/MIDI|>
MIDI2WAV/random_notes_274.wav,A5 A5 A5 A5,<|MIDI|> G#5 B4 G#3 C#6 E1 <|/MIDI|>
MIDI2WAV/random_notes_275.wav,A5 A5 A5 A5,<|MIDI|> F#5 B1 D#5 C2 A3 <|/MIDI|>
MIDI2WAV/random_notes_276.wav,A5 A5 A5 A5,<|MIDI|> A2 D#5 B3 F#4 G5 <|/MIDI|>
MIDI2WAV/random_notes_277.wav,A5 A5 A5 A5,<|MIDI|> F2 G#5 B0 A7 D#3 <|/MIDI|>
MIDI2WAV/random_notes_278.wav,A5 A5 A5 A5,<|MIDI|> A0 B3 D1 G1 F#5 <|/MIDI|>
MIDI2WAV/random_notes_279.wav,A5 A5 A5 A5,<|MIDI|> A7 F#5 A#0 F#4 D#6 <|/MIDI|>
MIDI2WAV/random_notes_280.wav,A5 A5 A5 A5,<|MIDI|> B0 D6 E3 A5 B2 <|/MIDI|>
MIDI2WAV/random_notes_281.wav,A5 A5 A5 A5,<|MIDI|> G7 D#1 A#7 F4 E6 <|/MIDI|>
MIDI2WAV/random_notes_282.wav,A5 A5 A5 A5,<|MIDI|> F#1 B0 B3 B1 C4 <|/MIDI|>
MIDI2WAV/random_notes_283.wav,A5 A5 A5 A5,<|MIDI|> D4 D2 C#1 A#0 C7 <|/MIDI|>
MIDI2WAV/random_notes_284.wav,A5 A5 A5 A5,<|MIDI|> G#4 G#5 F#4 F#2 A#2 <|/MIDI|>
MIDI2WAV/random_notes_285.wav,A5 A5 A5 A5,<|MIDI|> A1 F2 F3 A#4 C#7 <|/MIDI|>
MIDI2WAV/random_notes_286.wav,A5 A5 A5 A5,<|MIDI|> A#6 D#1 F#1 D#3 G5 <|/MIDI|>
MIDI2WAV/random_notes_287.wav,A5 A5 A5 A5,<|MIDI|> G7 C#5 D2 F#3 F#1 <|/MIDI|>
MIDI2WAV/random_notes_288.wav,A1 A1 A1 A2,<|MIDI|> G2 C2 E1 D#4 A0 <|/MIDI|>
MIDI2WAV/random_notes_289.wav,A5 A5 A5 A5,<|MIDI|> G3 B2 D#7 C#3 A4 <|/MIDI|>
MIDI2WAV/random_notes_290.wav,A5 A5 A5 A5,<|MIDI|> G5 C#6 A#3 A#3 C8 <|/MIDI|>
MIDI2WAV/random_notes_291.wav,A5 A5 A5 A5,<|MIDI|> B0 A#2 C8 F#2 A6 <|/MIDI|>
MIDI2WAV/random_notes_292.wav,A1 A1 A1 A2,<|MIDI|> A2 A#1 G6 D1 F3 <|/MIDI|>
MIDI2WAV/random_notes_293.wav,A5 A5 A5 A5,<|MIDI|> G#4 F#4 A#7 B0 G6 <|/MIDI|>
MIDI2WAV/random_notes_294.wav,A5 A5 A5 A5,<|MIDI|> F#6 A4 A#4 B4 A4 <|/MIDI|>
MIDI2WAV/random_notes_295.wav,A5 A5 A5 A5,<|MIDI|> D6 F3 E4 E5 D#2 <|/MIDI|>
MIDI2WAV/random_notes_296.wav,A5 A5 A5 A5,<|MIDI|> A5 B4 F1 D#2 B1 <|/MIDI|>
MIDI2WAV/random_notes_297.wav,A5 A5 A5 A5,<|MIDI|> F#4 G#3 D7 C4 G4 <|/MIDI|>
MIDI2WAV/random_notes_298.wav,A5 A5 A5 A5,<|MIDI|> D6 E7 C#2 C#3 B6 <|/MIDI|>
MIDI2WAV/random_notes_299.wav,A5 A5 A5 A5,<|MIDI|> F4 G#5 A2 D5 G1 <|/MIDI|>
MIDI2WAV/random_notes_300.wav,A5 A5 A5 A5,<|MIDI|> G#6 E6 B7 F#4 G5 <|/MIDI|>
MIDI2WAV/random_notes_301.wav,A5 A5 A5 A5,<|MIDI|> F1 C#5 C#7 F#6 C#7 <|/MIDI|>
MIDI2WAV/random_notes_302.wav,A5 A5 A5 A5,<|MIDI|> E3 E6 F1 G#2 A#1 <|/MIDI|>
MIDI2WAV/random_notes_303.wav,A5 A5 A5 A5,<|MIDI|> F6 E6 C#5 C#7 B4 <|/MIDI|>
MIDI2WAV/random_notes_304.wav,A5 A5 A5 A5,<|MIDI|> D#4 A#4 D#5 G3 F3 <|/MIDI|>
MIDI2WAV/random_notes_305.wav,A5 A5 A5 A5,<|MIDI|> A4 G#3 G6 B7 D#7 <|/MIDI|>
MIDI2WAV/random_notes_306.wav,A5 A5 A5 A5,<|MIDI|> C#4 G#6 D5 F5 C5 <|/MIDI|>
MIDI2WAV/random_notes_307.wav,A3 A5 A5 A5,<|MIDI|> F#2 E3 B0 D1 C#1 <|/MIDI|>
MIDI2WAV/random_notes_308.wav,A5 A5 A5 A5,<|MIDI|> C#1 B2 A#6 D7 A5 <|/MIDI|>
MIDI2WAV/random_notes_309.wav,A5 A5 A5 A5,<|MIDI|> G6 F#1 A#7 D5 A#6 <|/MIDI|>
MIDI2WAV/random_notes_310.wav,A5 A5 A5 A5,<|MIDI|> F#2 G#6 G2 G#5 G#3 <|/MIDI|>
MIDI2WAV/random_notes_311.wav,A5 A5 A5 A5,<|MIDI|> G#5 A0 C1 C#2 G#6 <|/MIDI|>
MIDI2WAV/random_notes_312.wav,A5 A5 A5 A5,<|MIDI|> D#5 F#3 E1 D6 D5 <|/MIDI|>
MIDI2WAV/random_notes_313.wav,A5 A5 A5 A5,<|MIDI|> E5 F1 G5 F#4 D#2 <|/MIDI|>
MIDI2WAV/random_notes_314.wav,A5 A5 A5 A5,<|MIDI|> G4 C1 B0 G#3 A7 <|/MIDI|>
MIDI2WAV/random_notes_315.wav,A5 A5 A5 A5 A5,<|MIDI|> F4 A2 G5 A#5 C1 <|/MIDI|>
MIDI2WAV/random_notes_316.wav,A5 A5 A5 A5,<|MIDI|> B3 C#1 B1 E5 E6 <|/MIDI|>
MIDI2WAV/random_notes_317.wav,A5 A5 A5 A5,<|MIDI|> G#2 F4 C1 F6 A7 <|/MIDI|>
MIDI2WAV/random_notes_318.wav,A5 A5 A5 A5,<|MIDI|> A2 C#5 G#6 B1 E4 <|/MIDI|>
MIDI2WAV/random_notes_319.wav,A1 A1 A1 A2,<|MIDI|> F1 F#3 B0 C8 B2 <|/MIDI|>
MIDI2WAV/random_notes_320.wav,A5 A5 A5 A5,<|MIDI|> D4 D#7 G5 C4 G#2 <|/MIDI|>
MIDI2WAV/random_notes_321.wav,A5 A5 A5 A5,<|MIDI|> A1 D#5 F#4 F6 A3 <|/MIDI|>
MIDI2WAV/random_notes_322.wav,A5 A5 A5 A5,<|MIDI|> C#2 F6 C#6 F6 C#1 <|/MIDI|>
MIDI2WAV/random_notes_323.wav,A5 A5 A5 A5,<|MIDI|> C#7 E3 B2 D5 A5 <|/MIDI|>
MIDI2WAV/random_notes_324.wav,A5 A5 A5 A5,<|MIDI|> C#5 A2 A#6 D4 F#1 <|/MIDI|>
MIDI2WAV/random_notes_325.wav,A5 A5 A5 A5,<|MIDI|> E7 G5 F#5 F5 C#7 <|/MIDI|>
MIDI2WAV/random_notes_326.wav,A5 A5 A5 A5,<|MIDI|> C#2 C2 G#4 A4 B7 <|/MIDI|>
MIDI2WAV/random_notes_327.wav,A5 A5 A5 A5 A5,<|MIDI|> E3 D#5 F5 A#5 F#5 <|/MIDI|>
MIDI2WAV/random_notes_328.wav,A5 A5 A5 A5,<|MIDI|> C2 C5 B0 D7 D1 <|/MIDI|>
MIDI2WAV/random_notes_329.wav,A5 A5 A5 A5,<|MIDI|> D6 F7 C6 B4 F2 <|/MIDI|>
MIDI2WAV/random_notes_330.wav,A5 A5 A5 A5,<|MIDI|> F3 B1 D#4 D#5 A#3 <|/MIDI|>
MIDI2WAV/random_notes_331.wav,A5 A5 A5 A5,<|MIDI|> G#7 C1 F1 D5 B4 <|/MIDI|>
MIDI2WAV/random_notes_332.wav,A5 A5 A5 A5,<|MIDI|> D#1 B1 G6 F#6 C8 <|/MIDI|>
MIDI2WAV/random_notes_333.wav,A5 A5 A5 A5,<|MIDI|> A4 C1 A2 C8 B4 <|/MIDI|>
MIDI2WAV/random_notes_334.wav,A5 A5 A5 A5,<|MIDI|> G7 F2 D5 C7 B0 <|/MIDI|>
MIDI2WAV/random_notes_335.wav,A5 A5 A5 A5,<|MIDI|> D7 A#0 A7 D1 F6 <|/MIDI|>
MIDI2WAV/random_notes_336.wav,A5 A5 A5 A5,<|MIDI|> B2 A#6 C6 F6 D#2 <|/MIDI|>
MIDI2WAV/random_notes_337.wav,A5 A5 A5 A5,<|MIDI|> F#3 D6 C6 G3 D1 <|/MIDI|>
MIDI2WAV/random_notes_338.wav,A5 A5 A5 A5,<|MIDI|> A5 B3 D6 D5 D#4 <|/MIDI|>
MIDI2WAV/random_notes_339.wav,A5 A5 A5 A5,<|MIDI|> C8 C#3 C5 A#5 G#7 <|/MIDI|>
MIDI2WAV/random_notes_340.wav,A5 A5 A5 A5,<|MIDI|> C8 F2 A6 A#6 B7 <|/MIDI|>
MIDI2WAV/random_notes_341.wav,A5 A5 A5 A5,<|MIDI|> D#7 A#1 E1 G#4 B3 <|/MIDI|>
MIDI2WAV/random_notes_342.wav,A5 A5 A5 A5,<|MIDI|> A#3 F1 C#6 F2 F5 <|/MIDI|>
MIDI2WAV/random_notes_343.wav,A5 A5 A5 A5,<|MIDI|> D#5 A#5 E5 D3 E5 <|/MIDI|>
MIDI2WAV/random_notes_344.wav,A5 A5 A5 A5,<|MIDI|> C8 F5 D2 B5 A5 <|/MIDI|>
MIDI2WAV/random_notes_345.wav,A5 A5 A5 A5,<|MIDI|> E6 D#6 E2 F6 F#5 <|/MIDI|>
MIDI2WAV/random_notes_346.wav,A5 A5 A5 A5,<|MIDI|> E3 E1 B2 G#2 F#7 <|/MIDI|>
MIDI2WAV/random_notes_347.wav,A5 A5 A5 A5,<|MIDI|> D#5 D7 D#5 D5 D1 <|/MIDI|>
MIDI2WAV/random_notes_348.wav,A5 A5 A5 A5,<|MIDI|> D#7 C#3 C5 F#4 G1 <|/MIDI|>
MIDI2WAV/random_notes_349.wav,A5 A5 A5 A5,<|MIDI|> A#6 C#4 B3 A2 C4 <|/MIDI|>
MIDI2WAV/random_notes_350.wav,A5 A5 A5 A5,<|MIDI|> D#2 D4 A#1 D#6 A#3 <|/MIDI|>
MIDI2WAV/random_notes_351.wav,A5 A5 A5 A5,<|MIDI|> G#2 B2 G3 E6 G3 <|/MIDI|>
MIDI2WAV/random_notes_352.wav,A1 A1 A1 A2,<|MIDI|> F2 B1 D1 B6 C#2 <|/MIDI|>
MIDI2WAV/random_notes_353.wav,A5 A5 A5 A5,<|MIDI|> G7 A3 C7 D2 A#5 <|/MIDI|>
MIDI2WAV/random_notes_354.wav,A5 A5 A5 A5,<|MIDI|> B6 F1 C#4 C7 B5 <|/MIDI|>
MIDI2WAV/random_notes_355.wav,A1 B1 A1 A2,<|MIDI|> A#7 A7 F#1 D2 C2 <|/MIDI|>
MIDI2WAV/random_notes_356.wav,A5 A5 A5 A5,<|MIDI|> E3 C1 D#3 G5 B2 <|/MIDI|>
MIDI2WAV/random_notes_357.wav,A5 A5 A5 A5,<|MIDI|> B5 E1 D#5 A6 E6 <|/MIDI|>
MIDI2WAV/random_notes_358.wav,A5 A5 A5 A5,<|MIDI|> E6 F#4 C#3 F#3 D5 <|/MIDI|>
MIDI2WAV/random_notes_359.wav,A5 A5 A5 A5,<|MIDI|> G#2 C7 E3 A6 C1 <|/MIDI|>
MIDI2WAV/random_notes_360.wav,A5 A5 A5 A5,<|MIDI|> D5 E5 C#3 G2 A3 <|/MIDI|>
MIDI2WAV/random_notes_361.wav,A5 A5 A5 A5,<|MIDI|> D3 D#3 A4 G#2 D1 <|/MIDI|>
MIDI2WAV/random_notes_362.wav,A5 A5 A5 A5,<|MIDI|> A#6 C5 F#3 A4 D#4 <|/MIDI|>
MIDI2WAV/random_notes_363.wav,A5 A5 A5 A5,<|MIDI|> B3 C8 G5 C#1 C#3 <|/MIDI|>
MIDI2WAV/random_notes_364.wav,A5 A5 A5 A5,<|MIDI|> F#6 B7 G5 F#3 C1 <|/MIDI|>
MIDI2WAV/random_notes_365.wav,A5 A5 A5 A5,<|MIDI|> C6 F7 B6 G#5 A#1 <|/MIDI|>
MIDI2WAV/random_notes_366.wav,A5 A5 A5 A5,<|MIDI|> A#5 G#6 A#5 F4 A#7 <|/MIDI|>
MIDI2WAV/random_notes_367.wav,A3 A5 A5 A5,<|MIDI|> A6 D3 B1 G1 D2 <|/MIDI|>
MIDI2WAV/random_notes_368.wav,A5 A5 A5 A5,<|MIDI|> B7 B3 D#4 C8 A#3 <|/MIDI|>
MIDI2WAV/random_notes_369.wav,A5 A5 A5 A5,<|MIDI|> D1 A#1 F#7 A#4 C4 <|/MIDI|>
MIDI2WAV/random_notes_370.wav,A5 A5 A5 A5,<|MIDI|> G7 A#1 D#3 C4 A#5 <|/MIDI|>
MIDI2WAV/random_notes_371.wav,A5 A5 A5 A5,<|MIDI|> G3 A6 A#5 A#2 B2 <|/MIDI|>
MIDI2WAV/random_notes_372.wav,A1 A1 A1 A2,<|MIDI|> A1 A7 G2 C7 F#1 <|/MIDI|>
MIDI2WAV/random_notes_373.wav,A5 A5 A5 A5,<|MIDI|> D#2 F#5 E6 A#0 G4 <|/MIDI|>
MIDI2WAV/random_notes_374.wav,A5 A5 A5 A5,<|MIDI|> C#4 C#3 A#1 D#4 F#3 <|/MIDI|>
MIDI2WAV/random_notes_375.wav,A5 A5 A5 A5,<|MIDI|> C#7 C3 C#5 B7 C1 <|/MIDI|>
MIDI2WAV/random_notes_376.wav,A5 A5 A5 A5,<|MIDI|> C#7 B1 E2 D#5 E2 <|/MIDI|>
MIDI2WAV/random_notes_377.wav,A5 A5 A5 A5,<|MIDI|> D5 C1 B7 D3 D#4 <|/MIDI|>
MIDI2WAV/random_notes_378.wav,A5 A5 A5 A5,<|MIDI|> F#4 G#1 B6 F#3 F2 <|/MIDI|>
MIDI2WAV/random_notes_379.wav,A5 A5 A5 A5,<|MIDI|> D#1 G#5 C7 G#5 C2 <|/MIDI|>
MIDI2WAV/random_notes_380.wav,A5 A5 A5 A5,<|MIDI|> D#7 D#1 G#3 A1 F#6 <|/MIDI|>
MIDI2WAV/random_notes_381.wav,A5 A5 A5 A5,<|MIDI|> G#3 E3 B7 A#0 F#3 <|/MIDI|>
MIDI2WAV/random_notes_382.wav,A5 A5 A5 A5,<|MIDI|> A#0 G#6 G4 B4 A#7 <|/MIDI|>
MIDI2WAV/random_notes_383.wav,A5 A5 A5 A5,<|MIDI|> A#7 C2 D#3 D6 C4 <|/MIDI|>
MIDI2WAV/random_notes_384.wav,A5 A5 A5 A5,<|MIDI|> D#3 A#3 B4 C6 B7 <|/MIDI|>
MIDI2WAV/random_notes_385.wav,A5 A5 A5 A5,<|MIDI|> G#6 D7 G#3 C#6 D#7 <|/MIDI|>
MIDI2WAV/random_notes_386.wav,A5 A5 A5 A5,<|MIDI|> F#5 A#0 F#3 E1 A#5 <|/MIDI|>
MIDI2WAV/random_notes_387.wav,A5 A5 A5 A5,<|MIDI|> G#4 A#2 C8 F#3 F6 <|/MIDI|>
MIDI2WAV/random_notes_388.wav,A5 A5 A5 A5,<|MIDI|> E5 A#3 D6 D4 G1 <|/MIDI|>
MIDI2WAV/random_notes_389.wav,A5 A5 A5 A5,<|MIDI|> F2 F7 E6 D4 G5 <|/MIDI|>
MIDI2WAV/random_notes_390.wav,A5 A5 A5 A5 A5,<|MIDI|> D5 A4 D3 A#3 B1 <|/MIDI|>
MIDI2WAV/random_notes_391.wav,A5 A5 A5 A5,<|MIDI|> F#1 E5 F#6 F#3 C7 <|/MIDI|>
MIDI2WAV/random_notes_392.wav,A5 A5 A5 A5,<|MIDI|> A#0 B5 A#0 D3 F#4 <|/MIDI|>
MIDI2WAV/random_notes_393.wav,A5 A5 A5 A5,<|MIDI|> F#1 B0 A3 D#5 D#4 <|/MIDI|>
MIDI2WAV/random_notes_394.wav,A5 A5 A5 A5,<|MIDI|> A#6 D2 A4 F4 C#6 <|/MIDI|>
MIDI2WAV/random_notes_395.wav,A1 A1 A1 A2,<|MIDI|> F#7 A3 G1 E4 B2 <|/MIDI|>
MIDI2WAV/random_notes_396.wav,A5 A5 A5 A5,<|MIDI|> F#2 G#1 C7 E2 G6 <|/MIDI|>
MIDI2WAV/random_notes_397.wav,A5 A5 A5 A5,<|MIDI|> G#6 B3 E2 C#6 A7 <|/MIDI|>
MIDI2WAV/random_notes_398.wav,A5 A5 A5 A5,<|MIDI|> F#1 D7 F#7 B5 G1 <|/MIDI|>
MIDI2WAV/random_notes_399.wav,A5 A5 A5 A5,<|MIDI|> A5 E1 D4 F6 D#4 <|/MIDI|>
MIDI2WAV/random_notes_400.wav,A5 A5 A5 A5,<|MIDI|> C6 F#5 C7 E6 G7 <|/MIDI|>
MIDI2WAV/random_notes_401.wav,A5 A5 A5 A5,<|MIDI|> G1 C#1 D6 C#2 C4 <|/MIDI|>
MIDI2WAV/random_notes_402.wav,A1 A1 A1 A2,<|MIDI|> D1 C2 D#1 D#2 D7 <|/MIDI|>
MIDI2WAV/random_notes_403.wav,A5 A5 A5 A5,<|MIDI|> B7 G#1 D4 C6 D#6 <|/MIDI|>
MIDI2WAV/random_notes_404.wav,A5 A5 A5 A5,<|MIDI|> C1 G#4 F3 A6 F5 <|/MIDI|>
MIDI2WAV/random_notes_405.wav,A5 A5 A5 A5,<|MIDI|> D3 G5 C#5 D#2 C#3 <|/MIDI|>
MIDI2WAV/random_notes_406.wav,A5 A5 A5 A5,<|MIDI|> A6 A1 B6 F1 G5 <|/MIDI|>
MIDI2WAV/random_notes_407.wav,A5 A5 A5 A5,<|MIDI|> F#2 B3 B4 G3 F5 <|/MIDI|>
MIDI2WAV/random_notes_408.wav,A5 A5 A5 A5,<|MIDI|> D2 G3 A1 D#6 D#4 <|/MIDI|>
MIDI2WAV/random_notes_409.wav,A5 A5 A5 A5,<|MIDI|> A5 C7 E2 D4 E4 <|/MIDI|>
MIDI2WAV/random_notes_410.wav,A5 A5 A5 A5,<|MIDI|> G#2 A5 C8 G4 D3 <|/MIDI|>
MIDI2WAV/random_notes_411.wav,A5 A5 A5 A5,<|MIDI|> F#1 A6 D#4 A6 G#7 <|/MIDI|>
MIDI2WAV/random_notes_412.wav,A5 A5 A5 A5,<|MIDI|> F#4 A#4 C4 C8 D3 <|/MIDI|>
MIDI2WAV/random_notes_413.wav,A5 A5 A5 A5,<|MIDI|> C#4 A3 D6 C7 B4 <|/MIDI|>
MIDI2WAV/random_notes_414.wav,A1 A1 A5 A5,<|MIDI|> C#4 A3 D3 G3 A0 <|/MIDI|>
MIDI2WAV/random_notes_415.wav,A5 A5 A5 A5,<|MIDI|> E5 C4 B4 C#4 F6 <|/MIDI|>
MIDI2WAV/random_notes_416.wav,A5 A5 A5 A5 A5,<|MIDI|> D#7 G#7 F#2 G4 D5 <|/MIDI|>
MIDI2WAV/random_notes_417.wav,A5 A5 A5 A5,<|MIDI|> B7 G4 G#7 G1 G4 <|/MIDI|>
MIDI2WAV/random_notes_418.wav,A5 A5 A5 A5,<|MIDI|> A5 F4 G3 G4 A3 <|/MIDI|>
MIDI2WAV/random_notes_419.wav,A5 A5 A5 A5,<|MIDI|> C#5 C#6 C3 C1 F3 <|/MIDI|>
MIDI2WAV/random_notes_420.wav,A5 A5 A5 A5,<|MIDI|> B7 G7 D#4 F4 C8 <|/MIDI|>
MIDI2WAV/random_notes_421.wav,A5 A5 A5 A5,<|MIDI|> C#1 F#4 E4 F4 G6 <|/MIDI|>
MIDI2WAV/random_notes_422.wav,A5 A5 A5 A5,<|MIDI|> A6 G1 D3 F#7 G#7 <|/MIDI|>
MIDI2WAV/random_notes_423.wav,A5 A5 A5 A5,<|MIDI|> F2 F#5 C7 F#5 G#5 <|/MIDI|>
MIDI2WAV/random_notes_424.wav,A5 A5 A5 A5,<|MIDI|> F5 A1 B1 D#5 G3 <|/MIDI|>
MIDI2WAV/random_notes_425.wav,A5 A5 A5 A5,<|MIDI|> F#1 F4 B7 D6 F#4 <|/MIDI|>
MIDI2WAV/random_notes_426.wav,A5 A5 A5 A5,<|MIDI|> C#2 D#4 A5 C3 D7 <|/MIDI|>
MIDI2WAV/random_notes_427.wav,A5 A5 A5 A5,<|MIDI|> D2 D6 F4 D1 G#3 <|/MIDI|>
MIDI2WAV/random_notes_428.wav,A5 A5 A5 A5,<|MIDI|> G#4 A0 E7 A2 G#6 <|/MIDI|>
MIDI2WAV/random_notes_429.wav,A5 A5 A5 A5,<|MIDI|> A0 B3 B6 E4 G2 <|/MIDI|>
MIDI2WAV/random_notes_430.wav,A5 A5 A5 A5,<|MIDI|> A6 F#2 A7 B5 G4 <|/MIDI|>
MIDI2WAV/random_notes_431.wav,A5 A5 A5 A5,<|MIDI|> C4 A6 G#3 F#6 F5 <|/MIDI|>
MIDI2WAV/random_notes_432.wav,A5 A5 A5 A5,<|MIDI|> B7 F6 C#1 F#2 F#4 <|/MIDI|>
MIDI2WAV/random_notes_433.wav,A5 A5 A5 A5,<|MIDI|> G#7 G5 A#2 D5 G4 <|/MIDI|>
MIDI2WAV/random_notes_434.wav,A5 A5 A5 A5,<|MIDI|> F#4 A#0 F#6 D2 D#6 <|/MIDI|>
MIDI2WAV/random_notes_435.wav,A1 A1 A5 A5,<|MIDI|> E2 D#1 D3 D3 F7 <|/MIDI|>
MIDI2WAV/random_notes_436.wav,A5 A5 A5 A5,<|MIDI|> A#0 G4 F#5 A2 F#1 <|/MIDI|>
MIDI2WAV/random_notes_437.wav,A5 A5 A5 A5,<|MIDI|> D2 F7 F#2 C#2 D#5 <|/MIDI|>
MIDI2WAV/random_notes_438.wav,A5 A5 A5 A5,<|MIDI|> C4 F4 C3 G#5 G7 <|/MIDI|>
MIDI2WAV/random_notes_439.wav,A5 A5 A5 A5,<|MIDI|> E3 A#2 G5 D4 G#1 <|/MIDI|>
MIDI2WAV/random_notes_440.wav,A5 A5 A5 A5,<|MIDI|> G#4 D#7 F3 C#6 G5 <|/MIDI|>
MIDI2WAV/random_notes_441.wav,A5 A5 A5 A5,<|MIDI|> B3 E7 C5 G7 A#0 <|/MIDI|>
MIDI2WAV/random_notes_442.wav,A5 A5 A5 A5,<|MIDI|> G#3 C#5 F2 D#1 F#6 <|/MIDI|>
MIDI2WAV/random_notes_443.wav,A5 A5 A5 A5,<|MIDI|> G#1 D2 B4 F#5 A0 <|/MIDI|>
MIDI2WAV/random_notes_444.wav,A5 A5 A5 A5,<|MIDI|> E6 D#6 D2 A#5 F#4 <|/MIDI|>
MIDI2WAV/random_notes_445.wav,A5 A5 A5 A5,<|MIDI|> C#5 E6 D#4 D1 C7 <|/MIDI|>
MIDI2WAV/random_notes_446.wav,A5 A5 A5 A5,<|MIDI|> D#2 D1 E6 B4 F1 <|/MIDI|>
MIDI2WAV/random_notes_447.wav,A5 A5 A5 A5,<|MIDI|> D#4 G5 F2 C#4 A#6 <|/MIDI|>
MIDI2WAV/random_notes_448.wav,A5 A5 A5 A5,<|MIDI|> D1 D#6 D3 C7 A4 <|/MIDI|>
MIDI2WAV/random_notes_449.wav,A5 A5 A5 A5,<|MIDI|> A#1 A5 G#2 D#5 G#4 <|/MIDI|>
MIDI2WAV/random_notes_450.wav,A5 A5 A5 A5,<|MIDI|> E6 A5 B3 C#1 A6 <|/MIDI|>
MIDI2WAV/random_notes_451.wav,A5 A5 A5 A5,<|MIDI|> C#1 C8 F5 E3 D#2 <|/MIDI|>
MIDI2WAV/random_notes_452.wav,A5 A5 A5 A5,<|MIDI|> C7 G#4 A#0 F#4 G1 <|/MIDI|>
MIDI2WAV/random_notes_453.wav,A5 A5 A5 A5,<|MIDI|> A3 A#4 D4 E4 G#2 <|/MIDI|>
MIDI2WAV/random_notes_454.wav,A1 A1 A1 A2,<|MIDI|> B0 A#0 C7 A#6 C1 <|/MIDI|>
MIDI2WAV/random_notes_455.wav,A5 A5 A5 A5,<|MIDI|> G1 G#3 B1 G3 F#6 <|/MIDI|>
MIDI2WAV/random_notes_456.wav,A5 A5 A5 A5,<|MIDI|> A6 E4 F4 D#1 G3 <|/MIDI|>
MIDI2WAV/random_notes_457.wav,A5 A5 A5 A5,<|MIDI|> C#2 A#4 E6 A#0 C2 <|/MIDI|>
MIDI2WAV/random_notes_458.wav,A5 A5 A5 A5,<|MIDI|> G5 A3 C6 G#4 A#4 <|/MIDI|>
MIDI2WAV/random_notes_459.wav,A5 A5 A5 A5,<|MIDI|> E6 E6 D#5 D#1 E3 <|/MIDI|>
MIDI2WAV/random_notes_460.wav,A5 A5 A5 A5,<|MIDI|> D#2 F#2 D#5 C3 C4 <|/MIDI|>
MIDI2WAV/random_notes_461.wav,A5 A5 A5 A5,<|MIDI|> C3 E6 C4 A1 G2 <|/MIDI|>
MIDI2WAV/random_notes_462.wav,A1 A1 A1 A2,<|MIDI|> G1 G#3 G3 A3 F#7 <|/MIDI|>
MIDI2WAV/random_notes_463.wav,A5 A5 A5 A5,<|MIDI|> A#3 A5 C#3 D#4 F3 <|/MIDI|>
MIDI2WAV/random_notes_464.wav,A5 A5 A5 A5,<|MIDI|> C4 A#1 F5 D7 E7 <|/MIDI|>
MIDI2WAV/random_notes_465.wav,A5 A5 A5 A5,<|MIDI|> B4 A#6 F#2 D1 D#7 <|/MIDI|>
MIDI2WAV/random_notes_466.wav,A5 A5 A5 A5,<|MIDI|> B3 B7 D#1 D#5 E4 <|/MIDI|>
MIDI2WAV/random_notes_467.wav,A5 A5 A5 A5,<|MIDI|> E6 B2 A2 D#7 C7 <|/MIDI|>
MIDI2WAV/random_notes_468.wav,A5 A5 A5 A5,<|MIDI|> G#5 D2 B0 F7 B3 <|/MIDI|>
MIDI2WAV/random_notes_469.wav,A5 A5 A5 A5,<|MIDI|> G#5 A2 B5 F6 A1 <|/MIDI|>
MIDI2WAV/random_notes_470.wav,A5 A5 A5 A5,<|MIDI|> C4 C6 E2 A#6 D#2 <|/MIDI|>
MIDI2WAV/random_notes_471.wav,A5 A5 A5 A5,<|MIDI|> F6 B0 F#1 F#6 E4 <|/MIDI|>
MIDI2WAV/random_notes_472.wav,A5 A5 A5 A5,<|MIDI|> C#5 F2 G4 D4 B3 <|/MIDI|>
MIDI2WAV/random_notes_473.wav,A5 A5 A5 A5,<|MIDI|> D#2 A3 A0 A1 D6 <|/MIDI|>
MIDI2WAV/random_notes_474.wav,A5 A5 A5 A5,<|MIDI|> D#3 C4 F1 F#2 F4 <|/MIDI|>
MIDI2WAV/random_notes_475.wav,A5 A5 A5 A5,<|MIDI|> A#4 F#2 G#7 D4 B3 <|/MIDI|>
MIDI2WAV/random_notes_476.wav,A1 A1 A5 A5,<|MIDI|> F#1 G1 B5 C2 A6 <|/MIDI|>
MIDI2WAV/random_notes_477.wav,A5 A5 A5 A5,<|MIDI|> G#6 A#7 A#3 F#2 A#2 <|/MIDI|>
MIDI2WAV/random_notes_478.wav,A5 A5 A5 A5,<|MIDI|> A#3 C5 F#4 D5 C#3 <|/MIDI|>
MIDI2WAV/random_notes_479.wav,A1 A1 A1 A2,<|MIDI|> D#2 E1 G7 B2 A2 <|/MIDI|>
MIDI2WAV/random_notes_480.wav,A5 A5 A5 A5,<|MIDI|> F7 A6 B2 A#2 A#2 <|/MIDI|>
MIDI2WAV/random_notes_481.wav,A5 A5 A5 A5,<|MIDI|> D1 G#7 G2 G1 E5 <|/MIDI|>
MIDI2WAV/random_notes_482.wav,A1 A1 A1 A2,<|MIDI|> C3 C1 D#2 A#1 E3 <|/MIDI|>
MIDI2WAV/random_notes_483.wav,A1 A1 A5 A5,<|MIDI|> B0 C#3 D#1 E3 A#3 <|/MIDI|>
MIDI2WAV/random_notes_484.wav,A5 A5 A5 A5,<|MIDI|> A0 C6 D#5 F#7 F#1 <|/MIDI|>
MIDI2WAV/random_notes_485.wav,A5 A5 A5 A5,<|MIDI|> G1 C#5 E2 D5 D#7 <|/MIDI|>
MIDI2WAV/random_notes_486.wav,A5 A5 A5 A5,<|MIDI|> G#6 E3 D7 A#2 A#7 <|/MIDI|>
MIDI2WAV/random_notes_487.wav,A1 A1 A5 A5,<|MIDI|> C1 F7 F#1 C2 B4 <|/MIDI|>
MIDI2WAV/random_notes_488.wav,A1 A1 A1 A2,<|MIDI|> A#1 G3 C#3 C1 A6 <|/MIDI|>
MIDI2WAV/random_notes_489.wav,A5 A5 A5 A5,<|MIDI|> A4 F#1 D6 B1 D2 <|/MIDI|>
MIDI2WAV/random_notes_490.wav,A5 A5 A5 A5,<|MIDI|> B1 E1 G#1 A#3 D#6 <|/MIDI|>
MIDI2WAV/random_notes_491.wav,A5 A5 A5 A5,<|MIDI|> B7 F5 B5 D1 D6 <|/MIDI|>
MIDI2WAV/random_notes_492.wav,A5 A5 A5 A5,<|MIDI|> B5 F3 B6 A4 B7 <|/MIDI|>
MIDI2WAV/random_notes_493.wav,A5 A5 A5 A5,<|MIDI|> F4 C#6 G4 G2 G7 <|/MIDI|>
MIDI2WAV/random_notes_494.wav,A5 A5 A5 A5,<|MIDI|> A#3 F#2 F3 C7 D#6 <|/MIDI|>
MIDI2WAV/random_notes_495.wav,A5 A5 A5 A5,<|MIDI|> B0 D#6 G#1 D6 D6 <|/MIDI|>
MIDI2WAV/random_notes_496.wav,A5 A5 A5 A5,<|MIDI|> B4 D#4 F#5 C2 F#3 <|/MIDI|>
MIDI2WAV/random_notes_497.wav,A5 A5 A5 A5,<|MIDI|> D5 B3 D4 G#6 G#1 <|/MIDI|>
MIDI2WAV/random_notes_498.wav,A5 A5 A5 A5,<|MIDI|> G#2 D#5 F#7 E4 F#3 <|/MIDI|>
MIDI2WAV/random_notes_499.wav,A5 A5 A5 A5,<|MIDI|> A#6 E1 A#7 F7 G#4 <|/MIDI|>
MIDI2WAV/random_notes_500.wav,A5 A5 A5 A5,<|MIDI|> A#5 E5 D5 A5 A#7 <|/MIDI|>
MIDI2WAV/random_notes_501.wav,A5 A5 A5 A5,<|MIDI|> E2 E3 A#0 D#3 F7 <|/MIDI|>
MIDI2WAV/random_notes_502.wav,A5 A5 A5 A5,<|MIDI|> F#2 F4 D4 G#1 B1 <|/MIDI|>
MIDI2WAV/random_notes_503.wav,A5 A5 A5 A5,<|MIDI|> F2 F#3 B6 C7 D#1 <|/MIDI|>
MIDI2WAV/random_notes_504.wav,A5 A5 A5 A5,<|MIDI|> B7 G#6 E5 G#6 F7 <|/MIDI|>
MIDI2WAV/random_notes_505.wav,A5 A5 A5 A5,<|MIDI|> G#4 E4 A6 B1 D4 <|/MIDI|>
MIDI2WAV/random_notes_506.wav,A5 A5 A5 A5,<|MIDI|> B5 E1 A6 A4 D6 <|/MIDI|>
MIDI2WAV/random_notes_507.wav,A5 A5 A5 A5,<|MIDI|> A#7 G2 D#3 F6 A#4 <|/MIDI|>
MIDI2WAV/random_notes_508.wav,A5 A5 A5 A5,<|MIDI|> A4 G1 C5 G#7 G#6 <|/MIDI|>
MIDI2WAV/random_notes_509.wav,A5 A5 A5 A5,<|MIDI|> B7 D7 F1 E5 D5 <|/MIDI|>
MIDI2WAV/random_notes_510.wav,A5 A5 A5 A5,<|MIDI|> A0 F#2 A#0 D7 E6 <|/MIDI|>
MIDI2WAV/random_notes_511.wav,A5 A5 A5 A5,<|MIDI|> D#6 A#2 D#3 C#4 F6 <|/MIDI|>
MIDI2WAV/random_notes_512.wav,A5 A5 A5 A5,<|MIDI|> B0 C4 D#3 C#7 D2 <|/MIDI|>
MIDI2WAV/random_notes_513.wav,A5 A5 A5 A5,<|MIDI|> E1 B6 C5 A#3 F4 <|/MIDI|>
MIDI2WAV/random_notes_514.wav,A5 A5 A5 A5,<|MIDI|> F#7 D6 G#1 D2 D#2 <|/MIDI|>
MIDI2WAV/random_notes_515.wav,A5 A5 A5 A5,<|MIDI|> F#6 G#6 F#5 G#3 F3 <|/MIDI|>
MIDI2WAV/random_notes_516.wav,A5 A5 A5 A5,<|MIDI|> E3 F7 C#1 B1 C3 <|/MIDI|>
MIDI2WAV/random_notes_517.wav,A1 A1 A1 A2,<|MIDI|> B0 D3 D3 B3 F#1 <|/MIDI|>
MIDI2WAV/random_notes_518.wav,A5 A5 A5 A5,<|MIDI|> G#5 D7 F2 G3 E3 <|/MIDI|>
MIDI2WAV/random_notes_519.wav,A5 A5 A5 A5,<|MIDI|> E7 A3 C3 F5 B2 <|/MIDI|>
MIDI2WAV/random_notes_520.wav,A5 A5 A5 A5,<|MIDI|> D#3 F#4 B3 A#0 A#0 <|/MIDI|>
MIDI2WAV/random_notes_521.wav,A5 A5 A5 A5,<|MIDI|> F#7 A4 B6 F#1 F#6 <|/MIDI|>
MIDI2WAV/random_notes_522.wav,A5 A5 A5 A5,<|MIDI|> A5 B5 C#1 C#6 E1 <|/MIDI|>
MIDI2WAV/random_notes_523.wav,A5 A5 A5 A5,<|MIDI|> C2 F#4 D#4 A6 D#7 <|/MIDI|>
MIDI2WAV/random_notes_524.wav,A5 A5 A5 A5,<|MIDI|> F7 E7 A#2 A#5 G5 <|/MIDI|>
MIDI2WAV/random_notes_525.wav,A1 A1 A1 A2,<|MIDI|> F#1 F#3 F#1 F#2 A2 <|/MIDI|>
MIDI2WAV/random_notes_526.wav,A5 A5 A5 A5,<|MIDI|> D#6 D5 C7 C5 A#1 <|/MIDI|>
MIDI2WAV/random_notes_527.wav,A5 A5 A5 A5,<|MIDI|> E6 A5 G6 F#2 G4 <|/MIDI|>
MIDI2WAV/random_notes_528.wav,A5 A5 A5 A5,<|MIDI|> F#6 B7 G#4 G#3 G7 <|/MIDI|>
MIDI2WAV/random_notes_529.wav,A5 A5 A5 A5,<|MIDI|> A6 C#1 F#1 D6 D1 <|/MIDI|>
MIDI2WAV/random_notes_530.wav,A5 A5 A5 A5,<|MIDI|> F6 C5 B3 A#0 D3 <|/MIDI|>
MIDI2WAV/random_notes_531.wav,A5 A5 A5 A5,<|MIDI|> G2 E5 D7 D3 F#7 <|/MIDI|>
MIDI2WAV/random_notes_532.wav,A5 A5 A5 A5,<|MIDI|> F#2 C5 D3 G1 A1 <|/MIDI|>
MIDI2WAV/random_notes_533.wav,A5 A5 A5 A5,<|MIDI|> D#1 C#5 D7 G#4 F5 <|/MIDI|>
MIDI2WAV/random_notes_534.wav,A5 A5 A5 A5,<|MIDI|> G7 B4 A1 G#1 B6 <|/MIDI|>
MIDI2WAV/random_notes_535.wav,A5 A5 A5 A5,<|MIDI|> A7 A5 B1 G1 A#5 <|/MIDI|>
MIDI2WAV/random_notes_536.wav,A5 A5 A5 A5,<|MIDI|> G1 E4 C5 F5 G1 <|/MIDI|>
MIDI2WAV/random_notes_537.wav,A5 A5 A5 A5,<|MIDI|> F7 C8 G#4 F#3 F#4 <|/MIDI|>
MIDI2WAV/random_notes_538.wav,A5 A5 A5 A5,<|MIDI|> A5 C5 F#3 E4 F7 <|/MIDI|>
MIDI2WAV/random_notes_539.wav,A5 A5 A5 A5,<|MIDI|> G#2 C1 D6 B4 C5 <|/MIDI|>
MIDI2WAV/random_notes_540.wav,A5 A5 A5 A5,<|MIDI|> C5 G6 C1 D#5 B7 <|/MIDI|>
MIDI2WAV/random_notes_541.wav,A5 A5 A5 A5,<|MIDI|> B6 A0 A6 A#3 C#5 <|/MIDI|>
MIDI2WAV/random_notes_542.wav,A5 A5 A5 A5,<|MIDI|> E5 A#2 F2 G#3 D2 <|/MIDI|>
MIDI2WAV/random_notes_543.wav,A5 A5 A5 A5,<|MIDI|> C3 A#3 G#4 G3 A3 <|/MIDI|>
MIDI2WAV/random_notes_544.wav,A5 A5 A5 A5,<|MIDI|> B4 A7 A5 D#3 F6 <|/MIDI|>
MIDI2WAV/random_notes_545.wav,A5 A5 A5 A5,<|MIDI|> D#2 D1 G3 G5 A#2 <|/MIDI|>
MIDI2WAV/random_notes_546.wav,A5 A5 A5 A5,<|MIDI|> G1 E3 F5 A#0 B5 <|/MIDI|>
MIDI2WAV/random_notes_547.wav,A5 A5 A5 A5,<|MIDI|> G6 B1 A4 G#4 B3 <|/MIDI|>
MIDI2WAV/random_notes_548.wav,A5 A5 A5 A5 A5,<|MIDI|> D4 F4 D4 F#5 F6 <|/MIDI|>
MIDI2WAV/random_notes_549.wav,A5 A5 A5 A5,<|MIDI|> D1 A#3 F#1 D5 F3 <|/MIDI|>
MIDI2WAV/random_notes_550.wav,A1 A1 A5 A5,<|MIDI|> C1 D3 G6 A#1 A#3 <|/MIDI|>
MIDI2WAV/random_notes_551.wav,A5 A5 A5 A5,<|MIDI|> C8 B2 A#6 G#5 F#1 <|/MIDI|>
MIDI2WAV/random_notes_552.wav,A5 A5 A5 A5,<|MIDI|> A7 A#6 B5 A3 B5 <|/MIDI|>
MIDI2WAV/random_notes_553.wav,A1 A1 A1 A2,<|MIDI|> C#2 B1 D6 G#6 D2 <|/MIDI|>
MIDI2WAV/random_notes_554.wav,A5 A5 A5 A5,<|MIDI|> G#4 B0 F#2 A2 E2 <|/MIDI|>
MIDI2WAV/random_notes_555.wav,A5 A5 A5 A5,<|MIDI|> D2 G5 G#2 D#2 C7 <|/MIDI|>
MIDI2WAV/random_notes_556.wav,A5 A5 A5 A5,<|MIDI|> F6 F6 C1 A5 C7 <|/MIDI|>
MIDI2WAV/random_notes_557.wav,A5 A5 A5 A5,<|MIDI|> F3 E2 D2 B7 D6 <|/MIDI|>
MIDI2WAV/random_notes_558.wav,A5 A5 A5 A5,<|MIDI|> F3 E6 G6 D#2 C6 <|/MIDI|>
MIDI2WAV/random_notes_559.wav,A1 A1 A5 A5,<|MIDI|> D2 F#3 C#6 D2 A#0 <|/MIDI|>
MIDI2WAV/random_notes_560.wav,A5 A5 A5 A5,<|MIDI|> G7 B5 D#2 E6 D1 <|/MIDI|>
MIDI2WAV/random_notes_561.wav,A5 A5 A5 A5,<|MIDI|> D#6 E7 F#5 G#6 D6 <|/MIDI|>
MIDI2WAV/random_notes_562.wav,A5 A5 A5 A5,<|MIDI|> F5 G#2 E7 D#1 B3 <|/MIDI|>
MIDI2WAV/random_notes_563.wav,A5 A5 A5 A5,<|MIDI|> F#1 C#5 E7 D#4 E2 <|/MIDI|>
MIDI2WAV/random_notes_564.wav,A5 A5 A5 A5,<|MIDI|> A6 F#3 F#7 F6 D#6 <|/MIDI|>
MIDI2WAV/random_notes_565.wav,A5 A5 A5 A5,<|MIDI|> G3 A#4 A#6 E5 E1 <|/MIDI|>
MIDI2WAV/random_notes_566.wav,A5 A5 A5 A5,<|MIDI|> A6 A4 F#7 G6 C8 <|/MIDI|>
MIDI2WAV/random_notes_567.wav,A5 A5 A5 A5,<|MIDI|> C#3 C2 A4 D#1 C3 <|/MIDI|>
MIDI2WAV/random_notes_568.wav,A5 A5 A5 A5,<|MIDI|> C8 E2 A#2 C#7 A4 <|/MIDI|>
MIDI2WAV/random_notes_569.wav,A1 A1 A1 A2,<|MIDI|> A1 C#1 A7 C#3 A7 <|/MIDI|>
MIDI2WAV/random_notes_570.wav,A1 A1 A5 A5,<|MIDI|> B2 A#7 D#3 D2 G1 <|/MIDI|>
MIDI2WAV/random_notes_571.wav,A5 A5 A5 A5,<|MIDI|> E2 E4 F#6 B2 D1 <|/MIDI|>
MIDI2WAV/random_notes_572.wav,A5 A5 A5 A5,<|MIDI|> F#7 A6 C#3 A4 A#3 <|/MIDI|>
MIDI2WAV/random_notes_573.wav,A5 A5 A5 A5,<|MIDI|> D#6 F7 B5 D2 A#0 <|/MIDI|>
MIDI2WAV/random_notes_574.wav,A5 A5 A5 A5 A5,<|MIDI|> D#7 G#3 C4 D#5 A0 <|/MIDI|>
MIDI2WAV/random_notes_575.wav,A5 A5 A5 A5,<|MIDI|> E5 A#4 D4 A5 G7 <|/MIDI|>
MIDI2WAV/random_notes_576.wav,A1 A1 A1 A2,<|MIDI|> D2 G#1 C3 F3 A#1 <|/MIDI|>
MIDI2WAV/random_notes_577.wav,A5 A5 A5 A5,<|MIDI|> C7 E4 A#2 F6 D6 <|/MIDI|>
MIDI2WAV/random_notes_578.wav,A5 A5 A5 A5,<|MIDI|> F6 E6 A#7 A#1 G1 <|/MIDI|>
MIDI2WAV/random_notes_579.wav,A5 A5 A5 A5,<|MIDI|> A#6 F#6 E7 G3 G#3 <|/MIDI|>
MIDI2WAV/random_notes_580.wav,A5 A5 A5 A5,<|MIDI|> C7 A#2 C#4 G#5 A#7 <|/MIDI|>
MIDI2WAV/random_notes_581.wav,A5 A5 A5 A5,<|MIDI|> D#3 G#5 G2 A5 A#6 <|/MIDI|>
MIDI2WAV/random_notes_582.wav,A5 A5 A5 A5,<|MIDI|> C8 C#3 F#1 B4 A#5 <|/MIDI|>
MIDI2WAV/random_notes_583.wav,A5 A5 A5 A5,<|MIDI|> C#7 F#3 G1 G#1 A7 <|/MIDI|>
MIDI2WAV/random_notes_584.wav,A5 A5 A5 A5,<|MIDI|> D#6 F6 G6 C#5 B0 <|/MIDI|>
MIDI2WAV/random_notes_585.wav,A5 A5 A5 A5,<|MIDI|> B2 F2 A3 C#4 G6 <|/MIDI|>
MIDI2WAV/random_notes_586.wav,A5 A5 A5 A5,<|MIDI|> G7 B2 A#6 C7 C6 <|/MIDI|>
MIDI2WAV/random_notes_587.wav,A5 A5 A5 A5,<|MIDI|> E6 E4 F#6 E5 D#7 <|/MIDI|>
MIDI2WAV/random_notes_588.wav,A5 A5 A5 A5,<|MIDI|> C1 A#2 A#5 F#5 A#0 <|/MIDI|>
MIDI2WAV/random_notes_589.wav,A5 A5 A5 A5,<|MIDI|> F4 E3 G#4 B0 G6 <|/MIDI|>
MIDI2WAV/random_notes_590.wav,A5 A5 A5 A5,<|MIDI|> B4 B0 A#7 A3 F6 <|/MIDI|>
MIDI2WAV/random_notes_591.wav,A3 A5 A5 A5,<|MIDI|> B1 G#1 C#7 A#2 B3 <|/MIDI|>
MIDI2WAV/random_notes_592.wav,A5 A5 A5 A5,<|MIDI|> C#6 E7 C1 G#6 E2 <|/MIDI|>
MIDI2WAV/random_notes_593.wav,A5 A5 A5 A5,<|MIDI|> D6 A#1 G1 C7 D6 <|/MIDI|>
MIDI2WAV/random_notes_594.wav,A5 A5 A5 A5,<|MIDI|> G3 A#1 D#4 C8 C#4 <|/MIDI|>
MIDI2WAV/random_notes_595.wav,A5 A5 A5 A5,<|MIDI|> B5 F#1 D7 G2 G#3 <|/MIDI|>
MIDI2WAV/random_notes_596.wav,A5 A5 A5 A5,<|MIDI|> A#1 G5 C2 A#4 D3 <|/MIDI|>
MIDI2WAV/random_notes_597.wav,A5 A5 A5 A5,<|MIDI|> D#4 E1 F7 E6 D4 <|/MIDI|>
MIDI2WAV/random_notes_598.wav,A5 A5 A5 A5,<|MIDI|> C2 F4 E5 D#7 G1 <|/MIDI|>
MIDI2WAV/random_notes_599.wav,A3 A5 A5 A5,<|MIDI|> G#3 C#2 F3 G#3 D3 <|/MIDI|>
MIDI2WAV/random_notes_600.wav,A5 A5 A5 A5,<|MIDI|> C4 C#4 A6 F7 F#7 <|/MIDI|>
MIDI2WAV/random_notes_601.wav,A5 A5 A5 A5,<|MIDI|> F5 F1 G6 C8 F#2 <|/MIDI|>
MIDI2WAV/random_notes_602.wav,A5 A5 A5 A5,<|MIDI|> A1 G#1 D7 F5 C2 <|/MIDI|>
MIDI2WAV/random_notes_603.wav,A5 A5 A5 A5,<|MIDI|> C#4 C1 A#3 G5 A4 <|/MIDI|>
MIDI2WAV/random_notes_604.wav,A5 A5 A5 A5,<|MIDI|> C5 G1 A#7 G7 E4 <|/MIDI|>
MIDI2WAV/random_notes_605.wav,A5 A5 A5 A5,<|MIDI|> E2 F#7 C7 G5 C#2 <|/MIDI|>
MIDI2WAV/random_notes_606.wav,A5 A5 A5 A5,<|MIDI|> F#4 B2 A#6 D6 B4 <|/MIDI|>
MIDI2WAV/random_notes_607.wav,A5 A5 A5 A5,<|MIDI|> A#1 D7 B5 A#7 D2 <|/MIDI|>
MIDI2WAV/random_notes_608.wav,A5 A5 A5 A5,<|MIDI|> D6 G#7 A7 F6 B6 <|/MIDI|>
MIDI2WAV/random_notes_609.wav,A5 A5 A5 A5,<|MIDI|> G#2 B3 G#3 F3 G2 <|/MIDI|>
MIDI2WAV/random_notes_610.wav,A5 A5 A5 A5,<|MIDI|> D#5 C4 E7 G#2 C5 <|/MIDI|>
MIDI2WAV/random_notes_611.wav,A5 A5 A5 A5,<|MIDI|> A5 E5 D#5 G1 C5 <|/MIDI|>
MIDI2WAV/random_notes_612.wav,A5 A5 A5 A5,<|MIDI|> B7 D#6 B1 F#2 F#2 <|/MIDI|>
MIDI2WAV/random_notes_613.wav,A5 A5 A5 A5,<|MIDI|> D6 E4 D3 D#7 C#5 <|/MIDI|>
MIDI2WAV/random_notes_614.wav,A5 A5 A5 A6,<|MIDI|> C#6 B7 G#1 C#1 C#6 <|/MIDI|>
MIDI2WAV/random_notes_615.wav,A5 A5 A5 A5,<|MIDI|> A#0 G6 F3 G#6 G#5 <|/MIDI|>
MIDI2WAV/random_notes_616.wav,A5 A5 A5 A5,<|MIDI|> F5 F3 F#5 F3 C#7 <|/MIDI|>
MIDI2WAV/random_notes_617.wav,A5 A5 A5 A5,<|MIDI|> G7 D#4 E5 B2 C#5 <|/MIDI|>
MIDI2WAV/random_notes_618.wav,A5 A5 A5 A5,<|MIDI|> D#5 G#5 G6 D#4 F#6 <|/MIDI|>
MIDI2WAV/random_notes_619.wav,A5 A5 A5 A5,<|MIDI|> F#4 G#3 D#2 F#7 D3 <|/MIDI|>
MIDI2WAV/random_notes_620.wav,A5 A5 A5 A5,<|MIDI|> A3 C#3 F5 G#7 E7 <|/MIDI|>
MIDI2WAV/random_notes_621.wav,A1 A1 A5 A5,<|MIDI|> F#7 A0 B1 A#3 A4 <|/MIDI|>
MIDI2WAV/random_notes_622.wav,A5 A5 A5 A5,<|MIDI|> B6 E5 C4 D#1 A2 <|/MIDI|>
MIDI2WAV/random_notes_623.wav,A5 A5 A5 A5,<|MIDI|> A#2 F#4 F6 G4 B5 <|/MIDI|>
MIDI2WAV/random_notes_624.wav,A5 A5 A5 A5,<|MIDI|> G#3 A#5 F1 B6 D4 <|/MIDI|>
MIDI2WAV/random_notes_625.wav,A5 A5 A5 A5,<|MIDI|> G6 C2 F7 A4 B1 <|/MIDI|>
MIDI2WAV/random_notes_626.wav,A5 A5 A5 A5,<|MIDI|> D#1 A#0 G7 B7 C#6 <|/MIDI|>
MIDI2WAV/random_notes_627.wav,A5 A5 A5 A5,<|MIDI|> F3 C5 A#6 F#3 G4 <|/MIDI|>
MIDI2WAV/random_notes_628.wav,A5 A5 A5 A5,<|MIDI|> A3 F#7 A#6 F2 C#5 <|/MIDI|>
MIDI2WAV/random_notes_629.wav,A5 A5 A5 A5,<|MIDI|> D#2 F#3 F#5 C#3 F7 <|/MIDI|>
MIDI2WAV/random_notes_630.wav,A5 A5 A5 A5,<|MIDI|> F3 A#3 G1 C#4 A#4 <|/MIDI|>
MIDI2WAV/random_notes_631.wav,A5 A5 A5 A5,<|MIDI|> D#5 F7 G5 A#2 C5 <|/MIDI|>
MIDI2WAV/random_notes_632.wav,A1 A1 A1 A2,<|MIDI|> G#1 E2 A#0 F#3 C#6 <|/MIDI|>
MIDI2WAV/random_notes_633.wav,A5 A5 A5 A5,<|MIDI|> C#3 C#6 D#1 F#1 C#6 <|/MIDI|>
MIDI2WAV/random_notes_634.wav,A5 A5 A5 A5,<|MIDI|> B7 D#5 C#5 B2 G1 <|/MIDI|>
MIDI2WAV/random_notes_635.wav,A5 A5 A5 A5,<|MIDI|> E3 A#3 F1 B4 A#1 <|/MIDI|>
MIDI2WAV/random_notes_636.wav,A1 A1 A1 A2,<|MIDI|> E1 C#3 E2 A3 A7 <|/MIDI|>
MIDI2WAV/random_notes_637.wav,A5 A5 A5 A5,<|MIDI|> E6 E7 C3 C8 D#4 <|/MIDI|>
MIDI2WAV/random_notes_638.wav,A5 A5 A5 A5 A5,<|MIDI|> G5 F3 A#5 D4 F#1 <|/MIDI|>
MIDI2WAV/random_notes_639.wav,A5 A5 A5 A5,<|MIDI|> B4 G#5 D2 C4 A1 <|/MIDI|>
MIDI2WAV/random_notes_640.wav,A1 A1 A5 A5,<|MIDI|> C4 D#1 B0 G#2 F#3 <|/MIDI|>
MIDI2WAV/random_notes_641.wav,A5 A5 A5 A5,<|MIDI|> A#1 A1 E1 G3 D#5 <|/MIDI|>
MIDI2WAV/random_notes_642.wav,A5 A5 A5 A5,<|MIDI|> B6 E4 A0 D#4 C#6 <|/MIDI|>
MIDI2WAV/random_notes_643.wav,A5 A5 A5 A5,<|MIDI|> D6 D5 C#3 D7 G5 <|/MIDI|>
MIDI2WAV/random_notes_644.wav,A5 A5 A5 A5,<|MIDI|> G7 A#6 G4 G1 D5 <|/MIDI|>
MIDI2WAV/random_notes_645.wav,A5 A5 A5 A5,<|MIDI|> D4 A2 F#4 C#6 G#7 <|/MIDI|>
MIDI2WAV/random_notes_646.wav,A5 A5 A5 A5 A5,<|MIDI|> A2 E4 F#2 A4 A#5 <|/MIDI|>
MIDI2WAV/random_notes_647.wav,A5 A5 A5 A5,<|MIDI|> G2 E7 C#6 G2 F5 <|/MIDI|>
MIDI2WAV/random_notes_648.wav,A5 A5 A5 A5,<|MIDI|> C#6 C#7 C2 G7 C#5 <|/MIDI|>
MIDI2WAV/random_notes_649.wav,A5 A5 A5 A5,<|MIDI|> C2 A6 B0 F#4 F#3 <|/MIDI|>
MIDI2WAV/random_notes_650.wav,A5 A5 A5 A5,<|MIDI|> E7 G5 D6 D#1 A#5 <|/MIDI|>
MIDI2WAV/random_notes_651.wav,A5 A5 A5 A5,<|MIDI|> D2 C#3 C7 G7 C7 <|/MIDI|>
MIDI2WAV/random_notes_652.wav,A5 A5 A5 A5,<|MIDI|> A7 B3 G4 A#4 C6 <|/MIDI|>
MIDI2WAV/random_notes_653.wav,A5 A5 A5 A5,<|MIDI|> C#1 G#4 F#6 E1 C7 <|/MIDI|>
MIDI2WAV/random_notes_654.wav,A5 A5 A5 A5 A5,<|MIDI|> G6 E2 F5 G2 A#4 <|/MIDI|>
MIDI2WAV/random_notes_655.wav,A1 A1 A1 A2,<|MIDI|> B0 G7 B1 G7 D#2 <|/MIDI|>
MIDI2WAV/random_notes_656.wav,A5 A5 A5 A5,<|MIDI|> A4 F6 F4 A#7 C8 <|/MIDI|>
MIDI2WAV/random_notes_657.wav,A5 A5 A5 A5,<|MIDI|> B2 A#2 C#5 F7 F#5 <|/MIDI|>
MIDI2WAV/random_notes_658.wav,A5 A5 A5 A5,<|MIDI|> A#1 A6 C#6 C2 G2 <|/MIDI|>
MIDI2WAV/random_notes_659.wav,A5 A5 A5 A5,<|MIDI|> A5 F#1 F#4 B7 F6 <|/MIDI|>
MIDI2WAV/random_notes_660.wav,A5 A5 A5 A5,<|MIDI|> F#4 D4 C6 G2 B6 <|/MIDI|>
MIDI2WAV/random_notes_661.wav,A5 A5 A5 A5,<|MIDI|> A4 F#6 G5 F#5 D6 <|/MIDI|>
MIDI2WAV/random_notes_662.wav,A5 A5 A5 A5,<|MIDI|> F6 F#6 A3 C8 D2 <|/MIDI|>
MIDI2WAV/random_notes_663.wav,A5 A5 A5 A5,<|MIDI|> G6 G2 A#2 F3 F#4 <|/MIDI|>
MIDI2WAV/random_notes_664.wav,A5 A5 A5 A5,<|MIDI|> F#6 F2 D#6 D#2 F#1 <|/MIDI|>
MIDI2WAV/random_notes_665.wav,A5 A5 A5 A5,<|MIDI|> F#3 G5 C#1 A1 E5 <|/MIDI|>
MIDI2WAV/random_notes_666.wav,A5 A5 A5 A5,<|MIDI|> C3 G6 A0 C#2 E6 <|/MIDI|>
MIDI2WAV/random_notes_667.wav,A5 A5 A5 A5,<|MIDI|> C4 D5 D#7 B2 D#3 <|/MIDI|>
MIDI2WAV/random_notes_668.wav,A5 A5 A5 A5,<|MIDI|> D1 E2 C3 A4 G#3 <|/MIDI|>
MIDI2WAV/random_notes_669.wav,A5 A5 A5 A5,<|MIDI|> C8 B7 D#3 G7 D#5 <|/MIDI|>
MIDI2WAV/random_notes_670.wav,A5 A5 A5 A5,<|MIDI|> C#7 C#2 F4 G4 C3 <|/MIDI|>
MIDI2WAV/random_notes_671.wav,A5 A5 A5 A5,<|MIDI|> D1 G3 D4 F#6 D6 <|/MIDI|>
MIDI2WAV/random_notes_672.wav,A5 A5 A5 A5,<|MIDI|> G#2 A5 G5 D3 C1 <|/MIDI|>
MIDI2WAV/random_notes_673.wav,A5 A5 A5 A5,<|MIDI|> C1 C3 B7 A7 E2 <|/MIDI|>
MIDI2WAV/random_notes_674.wav,A5 A5 A5 A5,<|MIDI|> B1 G#3 B7 G#6 E6 <|/MIDI|>
MIDI2WAV/random_notes_675.wav,A5 A5 A5 A5,<|MIDI|> A#2 C6 A1 D#3 E5 <|/MIDI|>
MIDI2WAV/random_notes_676.wav,A5 A5 A5 A5,<|MIDI|> D#6 B4 F4 D#3 C#3 <|/MIDI|>
MIDI2WAV/random_notes_677.wav,A5 A5 A5 A5,<|MIDI|> C#7 F#7 F#4 B0 F7 <|/MIDI|>
MIDI2WAV/random_notes_678.wav,A5 A5 A5 A5,<|MIDI|> B1 D6 F4 C#7 B4 <|/MIDI|>
MIDI2WAV/random_notes_679.wav,A5 A5 A5 A5,<|MIDI|> E4 B6 G3 D1 G#2 <|/MIDI|>
MIDI2WAV/random_notes_680.wav,A5 A5 A5 A5,<|MIDI|> D3 B5 A1 G#6 A1 <|/MIDI|>
MIDI2WAV/random_notes_681.wav,A5 A5 A5 A5,<|MIDI|> C3 A#0 F4 C5 A#5 <|/MIDI|>
MIDI2WAV/random_notes_682.wav,A5 A5 A5 A5,<|MIDI|> B7 B7 B4 G2 C2 <|/MIDI|>
MIDI2WAV/random_notes_683.wav,A5 A5 A5 A5,<|MIDI|> C#3 C#5 G#4 C2 C#6 <|/MIDI|>
MIDI2WAV/random_notes_684.wav,A5 A5 A5 A5,<|MIDI|> D#3 D#4 D#3 A#7 A5 <|/MIDI|>
MIDI2WAV/random_notes_685.wav,A1 A1 A1 A2,<|MIDI|> B0 A#1 D#4 D3 G#3 <|/MIDI|>
MIDI2WAV/random_notes_686.wav,A5 A5 A5 A5,<|MIDI|> E2 G4 G#4 G#5 E5 <|/MIDI|>
MIDI2WAV/random_notes_687.wav,A5 A5 A5 A5,<|MIDI|> F#3 D2 C5 D#7 D#7 <|/MIDI|>
MIDI2WAV/random_notes_688.wav,A5 A5 A5 A5,<|MIDI|> G1 F#7 E3 D4 G#7 <|/MIDI|>
MIDI2WAV/random_notes_689.wav,A5 A5 A5 A5,<|MIDI|> F#2 A#4 F3 E2 B0 <|/MIDI|>
MIDI2WAV/random_notes_690.wav,A5 A5 A5 A5,<|MIDI|> C#2 A1 B3 A7 C4 <|/MIDI|>
MIDI2WAV/random_notes_691.wav,A5 A5 A5 A5,<|MIDI|> A#1 A3 C3 G6 F#4 <|/MIDI|>
MIDI2WAV/random_notes_692.wav,A5 A5 A5 A5,<|MIDI|> E3 D#1 C#7 A7 G#6 <|/MIDI|>
MIDI2WAV/random_notes_693.wav,A5 A5 A5 A5,<|MIDI|> C3 B6 B4 C8 E2 <|/MIDI|>
MIDI2WAV/random_notes_694.wav,A5 A5 A5 A5,<|MIDI|> B7 D5 F#3 C#3 A#0 <|/MIDI|>
MIDI2WAV/random_notes_695.wav,A5 A5 A5 A5 A5,<|MIDI|> A#3 D#7 F4 D#5 D#6 <|/MIDI|>
MIDI2WAV/random_notes_696.wav,A5 A5 A5 A5,<|MIDI|> A5 G3 D7 B0 B5 <|/MIDI|>
MIDI2WAV/random_notes_697.wav,A5 A5 A5 A5,<|MIDI|> G#6 A#6 C8 B0 B2 <|/MIDI|>
MIDI2WAV/random_notes_698.wav,A5 A5 A5 A5,<|MIDI|> D6 E3 F#1 G#1 G#1 <|/MIDI|>
MIDI2WAV/random_notes_699.wav,A5 A5 A5 A5,<|MIDI|> D1 E6 A6 G5 G#1 <|/MIDI|>
MIDI2WAV/random_notes_700.wav,A5 A5 A5 A5,<|MIDI|> C#1 F#4 B1 F5 F#6 <|/MIDI|>
MIDI2WAV/random_notes_701.wav,A5 A5 A5 A5,<|MIDI|> E7 D#2 C2 D5 B1 <|/MIDI|>
MIDI2WAV/random_notes_702.wav,A5 A5 A5 A5,<|MIDI|> A#7 F#1 E2 C#3 F6 <|/MIDI|>
MIDI2WAV/random_notes_703.wav,A1 A1 A1 A2,<|MIDI|> B1 G#1 D#5 F#3 A0 <|/MIDI|>
MIDI2WAV/random_notes_704.wav,A5 A5 A5 A5,<|MIDI|> G#7 B7 G#4 E7 C#5 <|/MIDI|>
MIDI2WAV/random_notes_705.wav,A5 A5 A5 A5,<|MIDI|> E5 B5 D1 G3 F3 <|/MIDI|>
MIDI2WAV/random_notes_706.wav,A5 A5 A5 A5 A5,<|MIDI|> G#3 D#3 B5 D6 G#5 <|/MIDI|>
MIDI2WAV/random_notes_707.wav,A5 A5 A5 A5,<|MIDI|> F#3 D#5 C#3 C1 E1 <|/MIDI|>
MIDI2WAV/random_notes_708.wav,A5 A5 A5 A5,<|MIDI|> A2 A1 D7 C4 F7 <|/MIDI|>
MIDI2WAV/random_notes_709.wav,A5 A5 A5 A5,<|MIDI|> D#7 A6 C7 B4 D#4 <|/MIDI|>
MIDI2WAV/random_notes_710.wav,A5 A5 A5 A5,<|MIDI|> A3 E6 D#7 F#3 D7 <|/MIDI|>
MIDI2WAV/random_notes_711.wav,A1 A1 A1 A2,<|MIDI|> B0 E2 C#1 G#7 D3 <|/MIDI|>
MIDI2WAV/random_notes_712.wav,A5 A5 A5 A5,<|MIDI|> E6 D#1 D#6 F#7 B2 <|/MIDI|>
MIDI2WAV/random_notes_713.wav,A5 A5 A5 A5,<|MIDI|> A#0 C3 D#5 A#1 B0 <|/MIDI|>
MIDI2WAV/random_notes_714.wav,A5 A5 A5 A5,<|MIDI|> A6 G5 A#5 D1 G#1 <|/MIDI|>
MIDI2WAV/random_notes_715.wav,A5 A5 A5 A5,<|MIDI|> C#1 A6 B2 C2 E6 <|/MIDI|>
MIDI2WAV/random_notes_716.wav,A5 A5 A5 A5,<|MIDI|> C5 E3 C5 F#1 C6 <|/MIDI|>
MIDI2WAV/random_notes_717.wav,A5 A5 A5 A5,<|MIDI|> C#2 C#5 C#5 G3 G#6 <|/MIDI|>
MIDI2WAV/random_notes_718.wav,A5 A5 A5 A5,<|MIDI|> G3 B5 F2 D5 F#2 <|/MIDI|>
MIDI2WAV/random_notes_719.wav,A5 A5 A5 A5,<|MIDI|> D#6 D3 G#6 D#2 D4 <|/MIDI|>
MIDI2WAV/random_notes_720.wav,A5 A5 A5 A5,<|MIDI|> G#1 G#2 G5 D7 G7 <|/MIDI|>
MIDI2WAV/random_notes_721.wav,A5 A5 A5 A5,<|MIDI|> C#6 G#7 C#2 D5 A#5 <|/MIDI|>
MIDI2WAV/random_notes_722.wav,A5 A5 A5 A5,<|MIDI|> G4 G2 C#4 B6 B3 <|/MIDI|>
MIDI2WAV/random_notes_723.wav,A5 A5 A5 A5,<|MIDI|> A0 D#6 C6 F#2 D1 <|/MIDI|>
MIDI2WAV/random_notes_724.wav,A5 A5 A5 A5,<|MIDI|> B5 D#5 E6 G#2 G#2 <|/MIDI|>
MIDI2WAV/random_notes_725.wav,A5 A5 A5 A5,<|MIDI|> A#6 F2 A5 A#0 C#2 <|/MIDI|>
MIDI2WAV/random_notes_726.wav,A5 A5 A5 A5,<|MIDI|> B5 D7 F3 A7 D2 <|/MIDI|>
MIDI2WAV/random_notes_727.wav,A5 A5 A5 A5,<|MIDI|> C4 F4 C#7 A0 D2 <|/MIDI|>
MIDI2WAV/random_notes_728.wav,A5 A5 A5 A5,<|MIDI|> F#7 A5 F#4 A#7 D3 <|/MIDI|>
MIDI2WAV/random_notes_729.wav,A5 A5 A5 A5,<|MIDI|> D1 E7 G#5 A4 E6 <|/MIDI|>
MIDI2WAV/random_notes_730.wav,A5 A5 A5 A5,<|MIDI|> C6 F2 F4 F#6 A5 <|/MIDI|>
MIDI2WAV/random_notes_731.wav,A5 A5 A5 A5,<|MIDI|> C#1 F1 C#4 C2 A4 <|/MIDI|>
MIDI2WAV/random_notes_732.wav,A5 A5 A5 A5,<|MIDI|> F7 E2 G#6 F2 A7 <|/MIDI|>
MIDI2WAV/random_notes_733.wav,A5 A5 A5 A5,<|MIDI|> G7 A#7 A1 A#2 B4 <|/MIDI|>
MIDI2WAV/random_notes_734.wav,A5 A5 A5 A5,<|MIDI|> C4 A7 F4 C7 G1 <|/MIDI|>
MIDI2WAV/random_notes_735.wav,A5 A5 A5 A5,<|MIDI|> A5 G#2 G6 C1 A#2 <|/MIDI|>
MIDI2WAV/random_notes_736.wav,A5 A5 A5 A5,<|MIDI|> D#4 C6 A#5 A#6 D3 <|/MIDI|>
MIDI2WAV/random_notes_737.wav,A5 A5 A5 A5,<|MIDI|> B1 B5 E4 C6 E7 <|/MIDI|>
MIDI2WAV/random_notes_738.wav,A5 A5 A5 A5,<|MIDI|> F4 F#1 G#1 C#6 C#5 <|/MIDI|>
MIDI2WAV/random_notes_739.wav,A5 A5 A5 A5,<|MIDI|> F1 F#1 G#4 A#1 D#2 <|/MIDI|>
MIDI2WAV/random_notes_740.wav,A5 A5 A5 A5,<|MIDI|> D#3 G5 B1 A1 C7 <|/MIDI|>
MIDI2WAV/random_notes_741.wav,A5 A5 A5 A5,<|MIDI|> F5 D3 G#5 E6 C#6 <|/MIDI|>
MIDI2WAV/random_notes_742.wav,A5 A5 A5 A5,<|MIDI|> B5 A5 F#4 G1 G#3 <|/MIDI|>
MIDI2WAV/random_notes_743.wav,A5 A5 A5 A5,<|MIDI|> F5 C#3 E1 B0 C5 <|/MIDI|>
MIDI2WAV/random_notes_744.wav,A5 A5 A5 A5,<|MIDI|> D#4 G1 G4 E7 D2 <|/MIDI|>
MIDI2WAV/random_notes_745.wav,A5 A5 A5 A5,<|MIDI|> G1 D2 G4 G#2 A1 <|/MIDI|>
MIDI2WAV/random_notes_746.wav,A5 A5 A5 A5,<|MIDI|> A#1 C8 D#5 E4 C#5 <|/MIDI|>
MIDI2WAV/random_notes_747.wav,A5 A5 A5 A5,<|MIDI|> A#5 D7 C7 G#2 A6 <|/MIDI|>
MIDI2WAV/random_notes_748.wav,A5 A5 A5 A5,<|MIDI|> A#7 B4 D5 C3 D#1 <|/MIDI|>
MIDI2WAV/random_notes_749.wav,A5 A5 A5 A5,<|MIDI|> G#3 C1 A#1 D7 C#6 <|/MIDI|>
MIDI2WAV/random_notes_750.wav,A5 A5 A5 A5,<|MIDI|> C7 B3 C2 F2 E3 <|/MIDI|>
MIDI2WAV/random_notes_751.wav,A5 A5 A5 A5,<|MIDI|> G2 C4 D7 B5 E7 <|/MIDI|>
MIDI2WAV/random_notes_752.wav,A5 A5 A5 A5,<|MIDI|> E6 D#7 D4 G#3 F6 <|/MIDI|>
MIDI2WAV/random_notes_753.wav,A5 A5 A5 A5,<|MIDI|> B4 B3 G#6 B1 G6 <|/MIDI|>
MIDI2WAV/random_notes_754.wav,A5 A5 A5 A5,<|MIDI|> C#6 C6 E3 C6 C#7 <|/MIDI|>
MIDI2WAV/random_notes_755.wav,A1 A1 A1 A2,<|MIDI|> G2 A1 G#3 A0 C#2 <|/MIDI|>
MIDI2WAV/random_notes_756.wav,A1 A1 A1 A2,<|MIDI|> B1 G1 D4 A6 C#2 <|/MIDI|>
MIDI2WAV/random_notes_757.wav,A1 A1 A5 A5,<|MIDI|> C8 A#0 D3 C2 C5 <|/MIDI|>
MIDI2WAV/random_notes_758.wav,A5 A5 A5 A5,<|MIDI|> C#6 B3 A6 B6 B6 <|/MIDI|>
MIDI2WAV/random_notes_759.wav,A5 A5 A5 A5,<|MIDI|> E7 D5 C8 C1 C#2 <|/MIDI|>
MIDI2WAV/random_notes_760.wav,A5 A5 A5 A5,<|MIDI|> F#7 C2 C#6 G2 E7 <|/MIDI|>
MIDI2WAV/random_notes_761.wav,A5 A5 A5 A5,<|MIDI|> D4 G1 D#1 C#2 G7 <|/MIDI|>
MIDI2WAV/random_notes_762.wav,A5 A5 A5 A5,<|MIDI|> F#7 D7 D#5 G4 B4 <|/MIDI|>
MIDI2WAV/random_notes_763.wav,A5 A5 A5 A5,<|MIDI|> A#4 C6 A3 A2 C#1 <|/MIDI|>
MIDI2WAV/random_notes_764.wav,A5 A5 A5 A5,<|MIDI|> G#7 A#4 D#6 C#4 A6 <|/MIDI|>
MIDI2WAV/random_notes_765.wav,A5 A5 A5 A5,<|MIDI|> B4 D#2 F#5 G2 D#6 <|/MIDI|>
MIDI2WAV/random_notes_766.wav,A5 A5 A5 A5,<|MIDI|> B0 A#6 A#2 G7 A6 <|/MIDI|>
MIDI2WAV/random_notes_767.wav,A1 A1 A1 A2,<|MIDI|> A#2 A0 F#1 F#7 F#2 <|/MIDI|>
MIDI2WAV/random_notes_768.wav,A1 A1 B1 A2,<|MIDI|> D#1 D#2 A7 D#2 C8 <|/MIDI|>
MIDI2WAV/random_notes_769.wav,A5 A5 A5 A5,<|MIDI|> D6 G#7 A5 D1 C8 <|/MIDI|>
MIDI2WAV/random_notes_770.wav,A5 A5 A5 A5,<|MIDI|> A#3 F4 F1 A#2 G#6 <|/MIDI|>
MIDI2WAV/random_notes_771.wav,A5 A5 A5 A5,<|MIDI|> E7 D7 C#5 G3 A#5 <|/MIDI|>
MIDI2WAV/random_notes_772.wav,A5 A5 A5 A5,<|MIDI|> F#4 A#1 D3 G5 B7 <|/MIDI|>
MIDI2WAV/random_notes_773.wav,A5 A5 A5 A5,<|MIDI|> C#7 G1 E4 G#2 G4 <|/MIDI|>
MIDI2WAV/random_notes_774.wav,A5 A5 A5 A5,<|MIDI|> G7 A#7 C7 C#4 C7 <|/MIDI|>
MIDI2WAV/random_notes_775.wav,A5 A5 A5 A5,<|MIDI|> C#7 A4 F2 G2 F#4 <|/MIDI|>
MIDI2WAV/random_notes_776.wav,A1 A1 A5 A5,<|MIDI|> A#0 D1 A0 C4 F#2 <|/MIDI|>
MIDI2WAV/random_notes_777.wav,A1 A1 A1 A2,<|MIDI|> A#0 C7 A#1 G#7 F#7 <|/MIDI|>
MIDI2WAV/random_notes_778.wav,A5 A5 A5 A5,<|MIDI|> C5 E6 F2 G1 B3 <|/MIDI|>
MIDI2WAV/random_notes_779.wav,A5 A5 A5 A5,<|MIDI|> F4 E7 F2 D#5 G#3 <|/MIDI|>
MIDI2WAV/random_notes_780.wav,A5 A5 A5 A5,<|MIDI|> D2 A#2 F4 G#7 G#7 <|/MIDI|>
MIDI2WAV/random_notes_781.wav,A1 A1 A1 A2,<|MIDI|> C#2 D#1 G6 F#1 C7 <|/MIDI|>
MIDI2WAV/random_notes_782.wav,A5 A5 A5 A5,<|MIDI|> D2 E5 C2 C#6 D#4 <|/MIDI|>
MIDI2WAV/random_notes_783.wav,A5 A5 A5 A5,<|MIDI|> D#1 G7 G2 F7 D#5 <|/MIDI|>
MIDI2WAV/random_notes_784.wav,A5 A5 A5 A5,<|MIDI|> B5 F#3 D#5 B1 G#2 <|/MIDI|>
MIDI2WAV/random_notes_785.wav,A5 A5 A5 A5,<|MIDI|> A6 D1 A5 F5 G#2 <|/MIDI|>
MIDI2WAV/random_notes_786.wav,A5 A5 A5 A5,<|MIDI|> B3 A5 D6 B6 A3 <|/MIDI|>
MIDI2WAV/random_notes_787.wav,A5 A5 A5 A5,<|MIDI|> A3 C4 F5 F#4 D6 <|/MIDI|>
MIDI2WAV/random_notes_788.wav,A5 A5 A5 A5,<|MIDI|> B5 B6 C#4 C#2 A5 <|/MIDI|>
MIDI2WAV/random_notes_789.wav,A5 A5 A5 A5,<|MIDI|> F#5 C#7 G5 C2 A4 <|/MIDI|>
MIDI2WAV/random_notes_790.wav,A5 A5 A5 A5,<|MIDI|> A#6 C7 F3 G#5 G#3 <|/MIDI|>
MIDI2WAV/random_notes_791.wav,A5 A5 A5 A5,<|MIDI|> D3 C4 G5 C8 A#0 <|/MIDI|>
MIDI2WAV/random_notes_792.wav,A5 A5 A5 A5,<|MIDI|> F#1 G#4 C#5 B5 E7 <|/MIDI|>
MIDI2WAV/random_notes_793.wav,A5 A5 A5 A5,<|MIDI|> G7 G7 C#5 F#6 F3 <|/MIDI|>
MIDI2WAV/random_notes_794.wav,A5 A5 A5 A5,<|MIDI|> F#1 F#7 A#6 E5 F#4 <|/MIDI|>
MIDI2WAV/random_notes_795.wav,A5 A5 A5 A5,<|MIDI|> A#4 E5 F5 A#0 B7 <|/MIDI|>
MIDI2WAV/random_notes_796.wav,A1 A1 A1 A2,<|MIDI|> E1 G1 E3 A#4 C2 <|/MIDI|>
MIDI2WAV/random_notes_797.wav,A5 A5 A5 A5,<|MIDI|> C3 F2 F1 A#5 C7 <|/MIDI|>
MIDI2WAV/random_notes_798.wav,A5 A5 A5 A5,<|MIDI|> A5 G#1 F3 E6 A6 <|/MIDI|>
MIDI2WAV/random_notes_799.wav,A5 A5 A5 A5,<|MIDI|> A4 A1 A3 A6 A#3 <|/MIDI|>
MIDI2WAV/random_notes_800.wav,A5 A5 A5 A5,<|MIDI|> D#6 A#4 A3 G4 D#6 <|/MIDI|>
MIDI2WAV/random_notes_801.wav,A5 A5 A5 A5,<|MIDI|> A#3 D6 B6 C6 A3 <|/MIDI|>
MIDI2WAV/random_notes_802.wav,A5 A5 A5 A5,<|MIDI|> G2 G2 A3 B2 F#3 <|/MIDI|>
MIDI2WAV/random_notes_803.wav,A5 A5 A5 A5,<|MIDI|> B5 C4 D7 A6 C2 <|/MIDI|>
MIDI2WAV/random_notes_804.wav,A1 A1 A1 A2,<|MIDI|> A#6 C1 D1 G1 C7 <|/MIDI|>
MIDI2WAV/random_notes_805.wav,A5 A5 A5 A5,<|MIDI|> D#3 F#6 G5 A#7 B7 <|/MIDI|>
MIDI2WAV/random_notes_806.wav,A1 A1 A1 A2,<|MIDI|> C#2 G#1 A1 D6 D#2 <|/MIDI|>
MIDI2WAV/random_notes_807.wav,A5 A5 A5 A5,<|MIDI|> F#2 D#3 D2 D7 E3 <|/MIDI|>
MIDI2WAV/random_notes_808.wav,A5 A5 A5 A5,<|MIDI|> F#4 F#1 A3 D#7 D1 <|/MIDI|>
MIDI2WAV/random_notes_809.wav,A5 A5 A5 A5,<|MIDI|> B5 D4 E2 D6 D7 <|/MIDI|>
MIDI2WAV/random_notes_810.wav,A5 A5 A5 A5,<|MIDI|> C#3 G4 G#6 A#0 C#7 <|/MIDI|>
MIDI2WAV/random_notes_811.wav,A5 A5 A5 A5,<|MIDI|> G6 G#2 A0 G#4 A#3 <|/MIDI|>
MIDI2WAV/random_notes_812.wav,A5 A5 A5 A5,<|MIDI|> G1 D#6 F7 F5 F#5 <|/MIDI|>
MIDI2WAV/random_notes_813.wav,A5 A5 A5 A5,<|MIDI|> E2 A#0 G3 B6 C1 <|/MIDI|>
MIDI2WAV/random_notes_814.wav,A5 A5 A5 A5,<|MIDI|> G#7 F#6 G7 A#3 B3 <|/MIDI|>
MIDI2WAV/random_notes_815.wav,A5 A5 A5 A5,<|MIDI|> F#7 D#4 A#5 C#5 D#5 <|/MIDI|>
MIDI2WAV/random_notes_816.wav,A5 A5 A5 A5,<|MIDI|> A6 C2 E5 B1 G7 <|/MIDI|>
MIDI2WAV/random_notes_817.wav,A5 A5 A5 A5,<|MIDI|> A#1 G5 C#4 C#5 A5 <|/MIDI|>
MIDI2WAV/random_notes_818.wav,A5 A5 A5 A5,<|MIDI|> G5 D1 B1 D#4 F4 <|/MIDI|>
MIDI2WAV/random_notes_819.wav,A5 A5 A5 A5,<|MIDI|> D5 F#4 D#6 B1 C5 <|/MIDI|>
MIDI2WAV/random_notes_820.wav,A3 A5 A5 A5,<|MIDI|> A2 G#2 D#1 C#2 F#2 <|/MIDI|>
MIDI2WAV/random_notes_821.wav,A5 A5 A5 A5,<|MIDI|> G7 B7 F6 A2 E4 <|/MIDI|>
MIDI2WAV/random_notes_822.wav,A5 A5 A5 A5,<|MIDI|> F#5 A0 C#3 A#1 D3 <|/MIDI|>
MIDI2WAV/random_notes_823.wav,A5 A5 A5 A5,<|MIDI|> D5 C#3 A7 F1 C3 <|/MIDI|>
MIDI2WAV/random_notes_824.wav,A5 A5 A5 A5,<|MIDI|> F#5 G#5 A1 C4 F7 <|/MIDI|>
MIDI2WAV/random_notes_825.wav,A5 A5 A5 A5,<|MIDI|> D5 A1 A7 E5 G6 <|/MIDI|>
MIDI2WAV/random_notes_826.wav,A5 A5 A5 A5,<|MIDI|> B3 A#2 C#6 G#3 A#0 <|/MIDI|>
MIDI2WAV/random_notes_827.wav,A5 A5 A5 A5,<|MIDI|> B5 C6 G#6 A2 D6 <|/MIDI|>
MIDI2WAV/random_notes_828.wav,A5 A5 A5 A5,<|MIDI|> F2 C#4 G#4 C#6 D3 <|/MIDI|>
MIDI2WAV/random_notes_829.wav,A5 A5 A5 A5,<|MIDI|> E5 E5 F#6 A#5 B7 <|/MIDI|>
MIDI2WAV/random_notes_830.wav,A5 A5 A5 A5,<|MIDI|> D1 G#3 C#2 C1 B5 <|/MIDI|>
MIDI2WAV/random_notes_831.wav,A5 A5 A5 A5,<|MIDI|> C5 C#7 A2 F#6 F7 <|/MIDI|>
MIDI2WAV/random_notes_832.wav,A5 A5 A5 A5,<|MIDI|> B5 A#3 D#6 E2 F#1 <|/MIDI|>
MIDI2WAV/random_notes_833.wav,A5 A5 A5 A5,<|MIDI|> A#0 C1 D6 B1 C5 <|/MIDI|>
MIDI2WAV/random_notes_834.wav,A1 A1 A5 A5,<|MIDI|> D2 C8 F#6 F#7 C1 <|/MIDI|>
MIDI2WAV/random_notes_835.wav,A5 A5 A5 A5 A5,<|MIDI|> F#4 E5 D#7 A#5 A#6 <|/MIDI|>
MIDI2WAV/random_notes_836.wav,A5 A5 A5 A5,<|MIDI|> G#5 C3 D1 A#3 F1 <|/MIDI|>
MIDI2WAV/random_notes_837.wav,A5 A5 A5 A5,<|MIDI|> F1 E7 C#5 A#4 A1 <|/MIDI|>
MIDI2WAV/random_notes_838.wav,A5 A5 A5 A5,<|MIDI|> A#6 D#3 G#3 C8 F#1 <|/MIDI|>
MIDI2WAV/random_notes_839.wav,A1 A1 A1 A2,<|MIDI|> D#1 F#7 D3 B4 F1 <|/MIDI|>
MIDI2WAV/random_notes_840.wav,A5 A5 A5 A5,<|MIDI|> D#7 G#3 F7 G#6 B3 <|/MIDI|>
MIDI2WAV/random_notes_841.wav,A5 A5 A5 A5,<|MIDI|> B2 C#5 F5 A5 C#4 <|/MIDI|>
MIDI2WAV/random_notes_842.wav,A1 A1 A5 A5,<|MIDI|> C#2 D#7 G#2 A#7 A0 <|/MIDI|>
MIDI2WAV/random_notes_843.wav,A5 A5 A5 A5,<|MIDI|> G2 D#6 A5 D#6 A#2 <|/MIDI|>
MIDI2WAV/random_notes_844.wav,A5 A5 A5 A5,<|MIDI|> E7 F2 A5 G#6 E3 <|/MIDI|>
MIDI2WAV/random_notes_845.wav,A5 A5 A5 A5,<|MIDI|> F7 D#7 C6 C3 G#4 <|/MIDI|>
MIDI2WAV/random_notes_846.wav,A5 A5 A5 A5,<|MIDI|> G6 C6 G7 G4 F5 <|/MIDI|>
MIDI2WAV/random_notes_847.wav,A5 A5 A5 A5,<|MIDI|> C1 G6 F#3 C#4 F4 <|/MIDI|>
MIDI2WAV/random_notes_848.wav,A5 A5 A5 A5,<|MIDI|> F#1 E4 C#3 D#7 D#2 <|/MIDI|>
MIDI2WAV/random_notes_849.wav,A5 A5 A5 A5,<|MIDI|> A1 F7 D#5 C2 E4 <|/MIDI|>
MIDI2WAV/random_notes_850.wav,A5 A5 A5 A5,<|MIDI|> B0 A7 G#5 C7 A#5 <|/MIDI|>
MIDI2WAV/random_notes_851.wav,A1 A1 A5 A5,<|MIDI|> A#3 C#1 D2 C4 G3 <|/MIDI|>
MIDI2WAV/random_notes_852.wav,A5 A5 A5 A5,<|MIDI|> A0 D5 D6 D4 E3 <|/MIDI|>
MIDI2WAV/random_notes_853.wav,A5 A5 A5 A5,<|MIDI|> F5 C8 G2 A#4 D#5 <|/MIDI|>
MIDI2WAV/random_notes_854.wav,A5 A5 A5 A5,<|MIDI|> B2 D2 D2 G7 D4 <|/MIDI|>
MIDI2WAV/random_notes_855.wav,A5 A5 A5 A5,<|MIDI|> C#4 E3 F#1 G4 G3 <|/MIDI|>
MIDI2WAV/random_notes_856.wav,A5 A5 A5 A5,<|MIDI|> F#4 G#4 A#4 D7 C#1 <|/MIDI|>
MIDI2WAV/random_notes_857.wav,A5 A5 A5 A5,<|MIDI|> F5 A4 D#6 A#4 F4 <|/MIDI|>
MIDI2WAV/random_notes_858.wav,A5 A5 A5 A5,<|MIDI|> F#4 A#2 B7 G#2 F#4 <|/MIDI|>
MIDI2WAV/random_notes_859.wav,A1 A1 A1 A2,<|MIDI|> C8 G#3 E1 D3 C#1 <|/MIDI|>
MIDI2WAV/random_notes_860.wav,A5 A5 A5 A5,<|MIDI|> A#7 C6 F#6 A0 E7 <|/MIDI|>
MIDI2WAV/random_notes_861.wav,A5 A5 A5 A5,<|MIDI|> C#3 F#5 G7 D6 A1 <|/MIDI|>
MIDI2WAV/random_notes_862.wav,A5 A5 A5 A5,<|MIDI|> D#6 B6 F5 F#4 B5 <|/MIDI|>
MIDI2WAV/random_notes_863.wav,A5 A5 A5 A5,<|MIDI|> F#6 C#6 C3 D#5 E2 <|/MIDI|>
MIDI2WAV/random_notes_864.wav,A5 A5 A5 A5,<|MIDI|> F1 D7 D#7 C#4 F#3 <|/MIDI|>
MIDI2WAV/random_notes_865.wav,A5 A5 A5 A5,<|MIDI|> G3 C#4 F#3 A#1 A#4 <|/MIDI|>
MIDI2WAV/random_notes_866.wav,A5 A5 A5 A5,<|MIDI|> C2 C2 C7 C4 A#5 <|/MIDI|>
MIDI2WAV/random_notes_867.wav,A1 A1 A1 A2,<|MIDI|> B1 G1 F#3 A#0 G#7 <|/MIDI|>
MIDI2WAV/random_notes_868.wav,A5 A5 A5 A5 A5,<|MIDI|> C4 D#7 D#5 B3 C#2 <|/MIDI|>
MIDI2WAV/random_notes_869.wav,A5 A5 A5 A5,<|MIDI|> A3 G#3 B7 F3 G2 <|/MIDI|>
MIDI2WAV/random_notes_870.wav,A5 A5 A5 A5,<|MIDI|> G7 E4 B0 D#6 B7 <|/MIDI|>
MIDI2WAV/random_notes_871.wav,A5 A5 A5 A5,<|MIDI|> D6 C#1 C#4 B2 A2 <|/MIDI|>
MIDI2WAV/random_notes_872.wav,A1 A1 A1 A2,<|MIDI|> C#2 G3 F4 C4 C2 <|/MIDI|>
MIDI2WAV/random_notes_873.wav,A5 A5 A5 A5,<|MIDI|> G#2 F6 C#6 A#0 G#1 <|/MIDI|>
MIDI2WAV/random_notes_874.wav,A5 A5 A5 A5,<|MIDI|> A0 C5 D#6 D7 B5 <|/MIDI|>
MIDI2WAV/random_notes_875.wav,A5 A5 A5 A5,<|MIDI|> D1 A#4 C#4 E6 G6 <|/MIDI|>
MIDI2WAV/random_notes_876.wav,A5 A5 A5 A5,<|MIDI|> B4 D#7 C#2 E7 A#6 <|/MIDI|>
MIDI2WAV/random_notes_877.wav,A5 A5 A5 A5,<|MIDI|> F5 E2 F#2 F1 C#4 <|/MIDI|>
MIDI2WAV/random_notes_878.wav,A5 A5 A5 A5,<|MIDI|> D3 G#1 A#5 D2 G#2 <|/MIDI|>
MIDI2WAV/random_notes_879.wav,A5 A5 A5 A5,<|MIDI|> G#5 A#6 F3 D#4 A#7 <|/MIDI|>
MIDI2WAV/random_notes_880.wav,A5 A5 A5 A5,<|MIDI|> A#6 F#5 G#7 G#3 C6 <|/MIDI|>
MIDI2WAV/random_notes_881.wav,A5 A5 A5 A5,<|MIDI|> G5 A#7 A5 G#7 D#4 <|/MIDI|>
MIDI2WAV/random_notes_882.wav,A5 A5 A5 A5,<|MIDI|> C1 E5 D3 F6 G#2 <|/MIDI|>
MIDI2WAV/random_notes_883.wav,A1 A1 A1 A2,<|MIDI|> D2 F3 B7 A#2 E4 <|/MIDI|>
MIDI2WAV/random_notes_884.wav,A5 A5 A5 A5,<|MIDI|> C2 A#4 C2 B3 A6 <|/MIDI|>
MIDI2WAV/random_notes_885.wav,A5 A5 A5 A5,<|MIDI|> G2 D3 A4 E5 C1 <|/MIDI|>
MIDI2WAV/random_notes_886.wav,A5 A5 A5 A5,<|MIDI|> C#5 F1 C#5 D#5 D1 <|/MIDI|>
MIDI2WAV/random_notes_887.wav,A5 A5 A5 A5,<|MIDI|> A#2 A4 C7 E4 G#3 <|/MIDI|>
MIDI2WAV/random_notes_888.wav,A5 A5 A5 A5,<|MIDI|> D#7 D5 C7 F1 C#3 <|/MIDI|>
MIDI2WAV/random_notes_889.wav,A5 A5 A5 A5 A5,<|MIDI|> D6 F4 C#6 D#5 C8 <|/MIDI|>
MIDI2WAV/random_notes_890.wav,A1 A1 A1 A2,<|MIDI|> C2 F#7 G1 A#1 B7 <|/MIDI|>
MIDI2WAV/random_notes_891.wav,A5 A5 A5 A5,<|MIDI|> A0 C4 E2 B4 B0 <|/MIDI|>
MIDI2WAV/random_notes_892.wav,A5 A5 A5 A5,<|MIDI|> D1 B6 D#1 D#4 G#3 <|/MIDI|>
MIDI2WAV/random_notes_893.wav,A5 A5 A5 A5,<|MIDI|> A#1 A2 A7 C6 C#6 <|/MIDI|>
MIDI2WAV/random_notes_894.wav,A5 A5 A5 A5,<|MIDI|> G#6 E5 A#6 G#7 E2 <|/MIDI|>
MIDI2WAV/random_notes_895.wav,A5 A5 A5 A5,<|MIDI|> E2 C#4 C#4 A6 F4 <|/MIDI|>
MIDI2WAV/random_notes_896.wav,A5 A5 A5 A5,<|MIDI|> D#1 G7 D#2 C6 D#7 <|/MIDI|>
MIDI2WAV/random_notes_897.wav,A5 A5 A5 A5,<|MIDI|> C#1 C#7 A1 D2 F#2 <|/MIDI|>
MIDI2WAV/random_notes_898.wav,A3 A5 A5 A5,<|MIDI|> D#3 D2 C3 D3 A#7 <|/MIDI|>
MIDI2WAV/random_notes_899.wav,A5 A5 A5 A5,<|MIDI|> C3 E3 G#4 D#3 C7 <|/MIDI|>
MIDI2WAV/random_notes_900.wav,A5 A5 A5 A5,<|MIDI|> A6 F#3 D2 G5 F1 <|/MIDI|>
MIDI2WAV/random_notes_901.wav,A5 A5 A5 A5,<|MIDI|> A1 E5 D1 F#6 B4 <|/MIDI|>
MIDI2WAV/random_notes_902.wav,A5 A5 A5 A5,<|MIDI|> A#5 C3 C4 G2 G3 <|/MIDI|>
MIDI2WAV/random_notes_903.wav,A5 A5 A5 A5,<|MIDI|> C3 B4 G5 G4 E1 <|/MIDI|>
MIDI2WAV/random_notes_904.wav,A5 A5 A5 A5,<|MIDI|> G#2 A#5 G#5 D#6 C5 <|/MIDI|>
MIDI2WAV/random_notes_905.wav,A5 A5 A5 A5,<|MIDI|> A#4 F#3 B4 E4 G#6 <|/MIDI|>
MIDI2WAV/random_notes_906.wav,A5 A5 A5 A5,<|MIDI|> C4 C6 A#5 F#1 A#4 <|/MIDI|>
MIDI2WAV/random_notes_907.wav,A5 A5 A5 A5,<|MIDI|> A4 C6 E4 G#1 D#6 <|/MIDI|>
MIDI2WAV/random_notes_908.wav,A1 A1 A1 A2,<|MIDI|> C#1 C2 F7 C#7 F7 <|/MIDI|>
MIDI2WAV/random_notes_909.wav,A5 A5 A5 A5,<|MIDI|> A4 G7 C#1 G#2 A#1 <|/MIDI|>
MIDI2WAV/random_notes_910.wav,A5 A5 A5 A5,<|MIDI|> F#5 C#1 F3 F#3 C1 <|/MIDI|>
MIDI2WAV/random_notes_911.wav,A5 A5 A5 A5,<|MIDI|> E3 D4 C#7 C4 F2 <|/MIDI|>
MIDI2WAV/random_notes_912.wav,A5 A5 A5 A5,<|MIDI|> C7 E4 G5 G2 C#1 <|/MIDI|>
MIDI2WAV/random_notes_913.wav,A5 A5 A5 A5,<|MIDI|> G#1 F4 G#6 A7 A4 <|/MIDI|>
MIDI2WAV/random_notes_914.wav,A5 A5 A5 A5,<|MIDI|> B1 F#6 C8 G#4 A6 <|/MIDI|>
MIDI2WAV/random_notes_915.wav,A5 A5 A5 A5,<|MIDI|> F2 C6 A6 C#1 D#7 <|/MIDI|>
MIDI2WAV/random_notes_916.wav,A5 A5 A5 A5,<|MIDI|> C6 D7 G1 E5 F6 <|/MIDI|>
MIDI2WAV/random_notes_917.wav,A1 A1 A1 A2,<|MIDI|> D7 B2 G1 A1 A6 <|/MIDI|>
MIDI2WAV/random_notes_918.wav,A5 A5 A5 A5,<|MIDI|> A2 F1 D#7 F#4 F5 <|/MIDI|>
MIDI2WAV/random_notes_919.wav,A5 A5 A5 A5,<|MIDI|> A#3 G#2 D7 C#5 D#1 <|/MIDI|>
MIDI2WAV/random_notes_920.wav,A5 A5 A5 A5,<|MIDI|> A#3 D#7 G#3 D#2 B3 <|/MIDI|>
MIDI2WAV/random_notes_921.wav,A5 A5 A5 A5,<|MIDI|> C#2 D#7 B1 E6 E2 <|/MIDI|>
MIDI2WAV/random_notes_922.wav,A1 A1 A1 A2,<|MIDI|> G3 C2 D1 F#6 A#1 <|/MIDI|>
MIDI2WAV/random_notes_923.wav,A5 A5 A5 A5,<|MIDI|> F#4 F5 A4 A4 E4 <|/MIDI|>
MIDI2WAV/random_notes_924.wav,A5 A5 A5 A5,<|MIDI|> A2 E3 D7 A#1 B7 <|/MIDI|>
MIDI2WAV/random_notes_925.wav,A5 A5 A5 A5,<|MIDI|> B0 F#5 F#5 B6 C#1 <|/MIDI|>
MIDI2WAV/random_notes_926.wav,A5 A5 A5 A5,<|MIDI|> A#4 F#6 A3 A4 D7 <|/MIDI|>
MIDI2WAV/random_notes_927.wav,A5 A5 A5 A5,<|MIDI|> F#7 D6 C1 G2 A2 <|/MIDI|>
MIDI2WAV/random_notes_928.wav,A5 A5 A5 A5,<|MIDI|> A#2 D#1 E5 D#4 A#4 <|/MIDI|>
MIDI2WAV/random_notes_929.wav,A5 A5 A5 A5,<|MIDI|> A#4 G2 C7 B6 G#5 <|/MIDI|>
MIDI2WAV/random_notes_930.wav,A5 A5 A5 A5,<|MIDI|> G#3 B1 C4 B5 A#5 <|/MIDI|>
MIDI2WAV/random_notes_931.wav,A5 A5 A5 A5,<|MIDI|> D1 D#6 B4 F7 F#5 <|/MIDI|>
MIDI2WAV/random_notes_932.wav,A7 D2 A7 A7,<|MIDI|> G7 C#4 C#1 D#1 F4 <|/MIDI|>
MIDI2WAV/random_notes_933.wav,A5 A5 A5 A5,<|MIDI|> C8 A3 A#7 A#5 C2 <|/MIDI|>
MIDI2WAV/random_notes_934.wav,A1 A1 A1 A2,<|MIDI|> A1 A#2 E3 D1 B1 <|/MIDI|>
MIDI2WAV/random_notes_935.wav,A5 A5 A5 A5,<|MIDI|> G2 C#6 C#3 C#2 D#1 <|/MIDI|>
MIDI2WAV/random_notes_936.wav,A5 A5 A5 A5,<|MIDI|> A#1 D#6 F#2 G4 A1 <|/MIDI|>
MIDI2WAV/random_notes_937.wav,A5 A5 A5 A6,<|MIDI|> C2 B1 C8 C8 F#7 <|/MIDI|>
MIDI2WAV/random_notes_938.wav,A5 A5 A5 A5,<|MIDI|> D2 G6 A4 C#7 A2 <|/MIDI|>
MIDI2WAV/random_notes_939.wav,A5 A5 A5 A5,<|MIDI|> F#4 A1 A4 F3 E7 <|/MIDI|>
MIDI2WAV/random_notes_940.wav,A5 A5 A5 A5,<|MIDI|> A#0 F5 G#5 A3 B2 <|/MIDI|>
MIDI2WAV/random_notes_941.wav,A5 A5 A5 A5,<|MIDI|> G#3 B2 F#4 C#6 A7 <|/MIDI|>
MIDI2WAV/random_notes_942.wav,A5 A5 A5 A5,<|MIDI|> C#1 E5 D3 A#6 F5 <|/MIDI|>
MIDI2WAV/random_notes_943.wav,A5 A5 A5 A5,<|MIDI|> G#2 A#3 C4 D4 D#6 <|/MIDI|>
MIDI2WAV/random_notes_944.wav,A5 A5 A5 A5,<|MIDI|> C1 F7 D3 A#4 G5 <|/MIDI|>
MIDI2WAV/random_notes_945.wav,A5 A5 A5 A5,<|MIDI|> D4 A#3 D#7 G#7 D2 <|/MIDI|>
MIDI2WAV/random_notes_946.wav,A5 A5 A5 A5 A5,<|MIDI|> C#3 B4 C5 C#4 A0 <|/MIDI|>
MIDI2WAV/random_notes_947.wav,A5 A5 A5 A5,<|MIDI|> C2 A5 E7 A5 F#5 <|/MIDI|>
MIDI2WAV/random_notes_948.wav,A5 A5 A5 A5,<|MIDI|> C1 G7 A#6 D5 C2 <|/MIDI|>
MIDI2WAV/random_notes_949.wav,A5 A5 A5 A5,<|MIDI|> D2 C4 D3 B7 A#4 <|/MIDI|>
MIDI2WAV/random_notes_950.wav,A5 A5 A5 A5,<|MIDI|> A4 F2 D#3 G#2 C#4 <|/MIDI|>
MIDI2WAV/random_notes_951.wav,A5 A5 A5 A5,<|MIDI|> B1 C4 C#4 G#3 G3 <|/MIDI|>
MIDI2WAV/random_notes_952.wav,A5 A5 A5 A5,<|MIDI|> C#5 C#6 C#1 F2 B3 <|/MIDI|>
MIDI2WAV/random_notes_953.wav,A5 A5 A5 A5,<|MIDI|> C3 G#3 F#1 C1 B5 <|/MIDI|>
MIDI2WAV/random_notes_954.wav,A5 A5 A5 A5,<|MIDI|> E7 A#2 A0 A#6 F#4 <|/MIDI|>
MIDI2WAV/random_notes_955.wav,A5 A5 A5 A5,<|MIDI|> B1 G5 F4 G#3 D1 <|/MIDI|>
MIDI2WAV/random_notes_956.wav,A5 A5 A5 A5,<|MIDI|> G#5 D1 D#3 A#1 C4 <|/MIDI|>
MIDI2WAV/random_notes_957.wav,A5 A5 A5 A5,<|MIDI|> C5 G5 G#1 G#6 A#7 <|/MIDI|>
MIDI2WAV/random_notes_958.wav,A5 A5 A5 A5,<|MIDI|> C#4 F5 F7 E1 F7 <|/MIDI|>
MIDI2WAV/random_notes_959.wav,A5 A5 A5 A5,<|MIDI|> D4 C7 A3 D#3 C#3 <|/MIDI|>
MIDI2WAV/random_notes_960.wav,A5 A5 A5 A5,<|MIDI|> G#1 A#6 F#6 G#6 D6 <|/MIDI|>
MIDI2WAV/random_notes_961.wav,A5 A5 A5 A5,<|MIDI|> C8 E7 D#4 C1 D5 <|/MIDI|>
MIDI2WAV/random_notes_962.wav,A5 A5 A5 A5,<|MIDI|> B7 G#3 F4 A5 C5 <|/MIDI|>
MIDI2WAV/random_notes_963.wav,A5 A5 A5 A5,<|MIDI|> F6 D#6 A#0 A#1 C6 <|/MIDI|>
MIDI2WAV/random_notes_964.wav,A5 A5 A5 A5,<|MIDI|> D#1 A#3 A4 A6 F#1 <|/MIDI|>
MIDI2WAV/random_notes_965.wav,A5 A5 A5 A5,<|MIDI|> C#5 C1 D#3 B2 F#5 <|/MIDI|>
MIDI2WAV/random_notes_966.wav,A1 A1 A1 A2,<|MIDI|> C#2 C2 D#6 C#1 D#2 <|/MIDI|>
MIDI2WAV/random_notes_967.wav,A5 A5 A5 A5,<|MIDI|> G#5 F3 G#7 D3 B3 <|/MIDI|>
MIDI2WAV/random_notes_968.wav,A5 A5 A5 A5,<|MIDI|> D#6 A#4 A#4 D#2 G3 <|/MIDI|>
MIDI2WAV/random_notes_969.wav,A5 A5 A5 A5,<|MIDI|> F#5 D#3 A#3 G5 F6 <|/MIDI|>
MIDI2WAV/random_notes_970.wav,A5 A5 A5 A5,<|MIDI|> A2 G#1 D4 G1 A2 <|/MIDI|>
MIDI2WAV/random_notes_971.wav,A5 A5 A5 A5,<|MIDI|> E7 E1 G#5 E2 G#6 <|/MIDI|>
MIDI2WAV/random_notes_972.wav,A5 A5 A5 A5,<|MIDI|> G#2 D3 B3 F5 D4 <|/MIDI|>
MIDI2WAV/random_notes_973.wav,A5 A5 A5 A5,<|MIDI|> A5 D1 E3 F7 A0 <|/MIDI|>
MIDI2WAV/random_notes_974.wav,A5 A5 A5 A5,<|MIDI|> A0 G#4 A3 D#6 A5 <|/MIDI|>
MIDI2WAV/random_notes_975.wav,A5 A5 A5 A5,<|MIDI|> A#0 B3 C4 G4 E4 <|/MIDI|>
MIDI2WAV/random_notes_976.wav,A5 A5 A5 A5,<|MIDI|> E4 B2 F#7 G6 A7 <|/MIDI|>
MIDI2WAV/random_notes_977.wav,A5 A5 A5 A5,<|MIDI|> G7 D7 D5 A2 D6 <|/MIDI|>
MIDI2WAV/random_notes_978.wav,A5 A5 A5 A5,<|MIDI|> A#7 C5 E3 G3 A3 <|/MIDI|>
MIDI2WAV/random_notes_979.wav,A5 A5 A5 A5,<|MIDI|> F#2 G#6 F#2 C#3 D#1 <|/MIDI|>
MIDI2WAV/random_notes_980.wav,A5 A5 A5 A5,<|MIDI|> C6 F#4 F#4 C7 D#3 <|/MIDI|>
MIDI2WAV/random_notes_981.wav,A5 A5 A5 A5,<|MIDI|> C#1 A7 C5 A#1 C6 <|/MIDI|>
MIDI2WAV/random_notes_982.wav,A5 A5 A5 A5,<|MIDI|> A#2 D#4 G#1 A#3 A#5 <|/MIDI|>
MIDI2WAV/random_notes_983.wav,A5 A5 A5 A5,<|MIDI|> F4 D3 F4 A#6 B7 <|/MIDI|>
MIDI2WAV/random_notes_984.wav,A5 A5 A5 A5,<|MIDI|> D#1 F2 D#1 F#4 A7 <|/MIDI|>
MIDI2WAV/random_notes_985.wav,A5 A5 A5 A5,<|MIDI|> D#6 C8 F4 A5 F#3 <|/MIDI|>
MIDI2WAV/random_notes_986.wav,A5 A5 A5 A5,<|MIDI|> G#4 A#1 F3 D3 G#6 <|/MIDI|>
MIDI2WAV/random_notes_987.wav,A5 A5 A5 A5,<|MIDI|> A2 A#7 F7 D4 B1 <|/MIDI|>
MIDI2WAV/random_notes_988.wav,A5 A5 A5 A5,<|MIDI|> C7 B5 B1 A5 A5 <|/MIDI|>
MIDI2WAV/random_notes_989.wav,A5 A5 A5 A5,<|MIDI|> A1 C#3 A#2 F#1 C#4 <|/MIDI|>
MIDI2WAV/random_notes_990.wav,A5 A5 A5 A5,<|MIDI|> C8 D2 B1 G6 A#5 <|/MIDI|>
MIDI2WAV/random_notes_991.wav,A5 A5 A5 A5,<|MIDI|> D2 D#5 F#3 A6 C#3 <|/MIDI|>
MIDI2WAV/random_notes_992.wav,A5 A5 A5 A5,<|MIDI|> D#7 D#2 D#6 C#4 F#6 <|/MIDI|>
MIDI2WAV/random_notes_993.wav,A5 A5 A5 A5,<|MIDI|> E7 E3 D2 G1 A#5 <|/MIDI|>
MIDI2WAV/random_notes_994.wav,A5 A5 A5 A5,<|MIDI|> B5 C#2 D2 G#1 D5 <|/MIDI|>
MIDI2WAV/random_notes_995.wav,A5 A5 A5 A5,<|MIDI|> A1 A5 A1 C#5 C8 <|/MIDI|>
MIDI2WAV/random_notes_996.wav,A5 A5 A5 A5,<|MIDI|> C3 G2 C6 D4 A5 <|/MIDI|>
MIDI2WAV/random_notes_997.wav,A5 A5 A5 A5,<|MIDI|> A5 C1 F6 C#7 C8 <|/MIDI|>
MIDI2WAV/random_notes_998.wav,A5 A5 A5 A5,<|MIDI|> A4 F2 B2 C3 F#5 <|/MIDI|>
MIDI2WAV/random_notes_999.wav,A1 A1 A1 A2,<|MIDI|> A#1 C#3 F2 F3 B0 <|/MIDI|>
MIDI2WAV/random_notes_1000.wav,A5 A5 A5 A5,<|MIDI|> A6 A5 G#2 G#4 A6 <|/MIDI|>
