MidiPath,WavPath,Labels
MIDI/random_notes_1.mid,MIDI2WAV/random_notes_1.wav,<|MIDI|> G#6 F2 G#7 C8 C#3 <|/MIDI|>
MIDI/random_notes_2.mid,MIDI2WAV/random_notes_2.wav,<|MIDI|> A#5 F6 D#7 A#6 B4 <|/MIDI|>
MIDI/random_notes_3.mid,MIDI2WAV/random_notes_3.wav,<|MIDI|> C#5 A3 F2 G#5 F#4 <|/MIDI|>
MIDI/random_notes_4.mid,MIDI2WAV/random_notes_4.wav,<|MIDI|> F#6 F#5 G2 D#2 C#2 <|/MIDI|>
MIDI/random_notes_5.mid,MIDI2WAV/random_notes_5.wav,<|MIDI|> E2 F2 E7 F1 F#5 <|/MIDI|>
MIDI/random_notes_6.mid,MIDI2WAV/random_notes_6.wav,<|MIDI|> D#5 C3 A#6 D5 B2 <|/MIDI|>
MIDI/random_notes_7.mid,MIDI2WAV/random_notes_7.wav,<|MIDI|> F2 B0 C4 F#2 B2 <|/MIDI|>
MIDI/random_notes_8.mid,MIDI2WAV/random_notes_8.wav,<|MIDI|> F5 A3 A0 C6 F#5 <|/MIDI|>
MIDI/random_notes_9.mid,MIDI2WAV/random_notes_9.wav,<|MIDI|> D4 C2 E7 A#5 C#3 <|/MIDI|>
MIDI/random_notes_10.mid,MIDI2WAV/random_notes_10.wav,<|MIDI|> D#2 G#1 F#4 D3 A0 <|/MIDI|>
MIDI/random_notes_11.mid,MIDI2WAV/random_notes_11.wav,<|MIDI|> A7 G#4 C#5 A#4 A2 <|/MIDI|>
MIDI/random_notes_12.mid,MIDI2WAV/random_notes_12.wav,<|MIDI|> D#3 C#7 G3 G#5 F1 <|/MIDI|>
MIDI/random_notes_13.mid,MIDI2WAV/random_notes_13.wav,<|MIDI|> D2 F#3 G#2 A#3 C#3 <|/MIDI|>
MIDI/random_notes_14.mid,MIDI2WAV/random_notes_14.wav,<|MIDI|> F7 A1 G#5 A#0 G#6 <|/MIDI|>
MIDI/random_notes_15.mid,MIDI2WAV/random_notes_15.wav,<|MIDI|> D4 G#4 C1 A#0 F2 <|/MIDI|>
MIDI/random_notes_16.mid,MIDI2WAV/random_notes_16.wav,<|MIDI|> B7 E7 G#6 B2 D#4 <|/MIDI|>
MIDI/random_notes_17.mid,MIDI2WAV/random_notes_17.wav,<|MIDI|> F#2 B6 B5 B0 G#7 <|/MIDI|>
MIDI/random_notes_18.mid,MIDI2WAV/random_notes_18.wav,<|MIDI|> B4 A1 C5 A#6 D7 <|/MIDI|>
MIDI/random_notes_19.mid,MIDI2WAV/random_notes_19.wav,<|MIDI|> F3 A0 D#2 D#3 A1 <|/MIDI|>
MIDI/random_notes_20.mid,MIDI2WAV/random_notes_20.wav,<|MIDI|> F#1 F#6 C4 C4 A#0 <|/MIDI|>
MIDI/random_notes_21.mid,MIDI2WAV/random_notes_21.wav,<|MIDI|> D#4 A#7 B0 F#6 B4 <|/MIDI|>
MIDI/random_notes_22.mid,MIDI2WAV/random_notes_22.wav,<|MIDI|> F6 C#2 G#5 D3 A#2 <|/MIDI|>
MIDI/random_notes_23.mid,MIDI2WAV/random_notes_23.wav,<|MIDI|> A#1 C2 C8 G7 C#7 <|/MIDI|>
MIDI/random_notes_24.mid,MIDI2WAV/random_notes_24.wav,<|MIDI|> A#4 D2 B0 G#6 G6 <|/MIDI|>
MIDI/random_notes_25.mid,MIDI2WAV/random_notes_25.wav,<|MIDI|> C#5 D#5 F#7 F4 D6 <|/MIDI|>
MIDI/random_notes_26.mid,MIDI2WAV/random_notes_26.wav,<|MIDI|> C#2 B1 G3 E6 G5 <|/MIDI|>
MIDI/random_notes_27.mid,MIDI2WAV/random_notes_27.wav,<|MIDI|> D5 F7 G5 D2 D#7 <|/MIDI|>
MIDI/random_notes_28.mid,MIDI2WAV/random_notes_28.wav,<|MIDI|> C8 D#6 F1 A7 C6 <|/MIDI|>
MIDI/random_notes_29.mid,MIDI2WAV/random_notes_29.wav,<|MIDI|> F7 E4 B0 G#5 F#2 <|/MIDI|>
MIDI/random_notes_30.mid,MIDI2WAV/random_notes_30.wav,<|MIDI|> F4 G7 A#0 D2 B5 <|/MIDI|>
MIDI/random_notes_31.mid,MIDI2WAV/random_notes_31.wav,<|MIDI|> C3 D6 A#1 C1 F#6 <|/MIDI|>
MIDI/random_notes_32.mid,MIDI2WAV/random_notes_32.wav,<|MIDI|> B1 D#3 D2 D5 F#4 <|/MIDI|>
MIDI/random_notes_33.mid,MIDI2WAV/random_notes_33.wav,<|MIDI|> G#6 F5 E7 C1 D3 <|/MIDI|>
MIDI/random_notes_34.mid,MIDI2WAV/random_notes_34.wav,<|MIDI|> A#3 A#6 D#2 A0 A0 <|/MIDI|>
MIDI/random_notes_35.mid,MIDI2WAV/random_notes_35.wav,<|MIDI|> D#4 A#0 D3 G#6 C5 <|/MIDI|>
MIDI/random_notes_36.mid,MIDI2WAV/random_notes_36.wav,<|MIDI|> D4 D#5 C2 D2 D#5 <|/MIDI|>
MIDI/random_notes_37.mid,MIDI2WAV/random_notes_37.wav,<|MIDI|> D#4 C1 A6 B3 A#2 <|/MIDI|>
MIDI/random_notes_38.mid,MIDI2WAV/random_notes_38.wav,<|MIDI|> E3 C#4 C2 B3 D7 <|/MIDI|>
MIDI/random_notes_39.mid,MIDI2WAV/random_notes_39.wav,<|MIDI|> D1 C#6 F#4 C#5 F1 <|/MIDI|>
MIDI/random_notes_40.mid,MIDI2WAV/random_notes_40.wav,<|MIDI|> B4 C#1 C#1 A#3 D1 <|/MIDI|>
MIDI/random_notes_41.mid,MIDI2WAV/random_notes_41.wav,<|MIDI|> E6 G3 E7 A2 F#4 <|/MIDI|>
MIDI/random_notes_42.mid,MIDI2WAV/random_notes_42.wav,<|MIDI|> C1 E1 F#1 C3 F#6 <|/MIDI|>
MIDI/random_notes_43.mid,MIDI2WAV/random_notes_43.wav,<|MIDI|> F#3 F4 C6 D#5 G#1 <|/MIDI|>
MIDI/random_notes_44.mid,MIDI2WAV/random_notes_44.wav,<|MIDI|> B1 A#0 C#5 F1 G#2 <|/MIDI|>
MIDI/random_notes_45.mid,MIDI2WAV/random_notes_45.wav,<|MIDI|> G3 E2 C#2 G#1 C1 <|/MIDI|>
MIDI/random_notes_46.mid,MIDI2WAV/random_notes_46.wav,<|MIDI|> F#6 C6 A#0 F1 G#3 <|/MIDI|>
MIDI/random_notes_47.mid,MIDI2WAV/random_notes_47.wav,<|MIDI|> E2 A1 B4 D4 C3 <|/MIDI|>
MIDI/random_notes_48.mid,MIDI2WAV/random_notes_48.wav,<|MIDI|> A1 A6 G1 A#6 D3 <|/MIDI|>
MIDI/random_notes_49.mid,MIDI2WAV/random_notes_49.wav,<|MIDI|> B4 D#5 D4 G2 C#4 <|/MIDI|>
MIDI/random_notes_50.mid,MIDI2WAV/random_notes_50.wav,<|MIDI|> F6 F6 D7 E7 E6 <|/MIDI|>
MIDI/random_notes_51.mid,MIDI2WAV/random_notes_51.wav,<|MIDI|> E7 F2 A#0 C4 C7 <|/MIDI|>
MIDI/random_notes_52.mid,MIDI2WAV/random_notes_52.wav,<|MIDI|> D#2 A1 F#4 E3 C#5 <|/MIDI|>
MIDI/random_notes_53.mid,MIDI2WAV/random_notes_53.wav,<|MIDI|> G4 C#4 B6 F1 E7 <|/MIDI|>
MIDI/random_notes_54.mid,MIDI2WAV/random_notes_54.wav,<|MIDI|> A#1 G#5 G#6 A3 A#0 <|/MIDI|>
MIDI/random_notes_55.mid,MIDI2WAV/random_notes_55.wav,<|MIDI|> C#6 A#2 G4 G1 F#1 <|/MIDI|>
MIDI/random_notes_56.mid,MIDI2WAV/random_notes_56.wav,<|MIDI|> F#2 A#5 A#5 D#7 B0 <|/MIDI|>
MIDI/random_notes_57.mid,MIDI2WAV/random_notes_57.wav,<|MIDI|> A2 A4 C#1 D1 G1 <|/MIDI|>
MIDI/random_notes_58.mid,MIDI2WAV/random_notes_58.wav,<|MIDI|> A#0 B7 C4 A5 F7 <|/MIDI|>
MIDI/random_notes_59.mid,MIDI2WAV/random_notes_59.wav,<|MIDI|> D#3 D#7 G#4 C#1 A#1 <|/MIDI|>
MIDI/random_notes_60.mid,MIDI2WAV/random_notes_60.wav,<|MIDI|> F#2 C4 D4 C4 A#6 <|/MIDI|>
MIDI/random_notes_61.mid,MIDI2WAV/random_notes_61.wav,<|MIDI|> G#7 C#6 A3 E5 F#5 <|/MIDI|>
MIDI/random_notes_62.mid,MIDI2WAV/random_notes_62.wav,<|MIDI|> B7 G6 E4 A#0 B0 <|/MIDI|>
MIDI/random_notes_63.mid,MIDI2WAV/random_notes_63.wav,<|MIDI|> A#1 A#2 F2 D#7 B2 <|/MIDI|>
MIDI/random_notes_64.mid,MIDI2WAV/random_notes_64.wav,<|MIDI|> F3 F#4 F#4 C1 D5 <|/MIDI|>
MIDI/random_notes_65.mid,MIDI2WAV/random_notes_65.wav,<|MIDI|> C3 G#4 F#6 B6 G6 <|/MIDI|>
MIDI/random_notes_66.mid,MIDI2WAV/random_notes_66.wav,<|MIDI|> D#3 D7 A4 C#3 B7 <|/MIDI|>
MIDI/random_notes_67.mid,MIDI2WAV/random_notes_67.wav,<|MIDI|> B2 B4 F#5 A#2 A4 <|/MIDI|>
MIDI/random_notes_68.mid,MIDI2WAV/random_notes_68.wav,<|MIDI|> D5 A6 F4 G5 G#2 <|/MIDI|>
MIDI/random_notes_69.mid,MIDI2WAV/random_notes_69.wav,<|MIDI|> D#7 A#4 A#4 A3 C3 <|/MIDI|>
MIDI/random_notes_70.mid,MIDI2WAV/random_notes_70.wav,<|MIDI|> G#3 B0 D#1 A#5 F6 <|/MIDI|>
MIDI/random_notes_71.mid,MIDI2WAV/random_notes_71.wav,<|MIDI|> B1 F#6 C1 F#2 F2 <|/MIDI|>
MIDI/random_notes_72.mid,MIDI2WAV/random_notes_72.wav,<|MIDI|> B5 G#7 B2 C#1 A#3 <|/MIDI|>
MIDI/random_notes_73.mid,MIDI2WAV/random_notes_73.wav,<|MIDI|> F4 C4 B4 G#3 E3 <|/MIDI|>
MIDI/random_notes_74.mid,MIDI2WAV/random_notes_74.wav,<|MIDI|> G#1 A#0 A#2 G1 A3 <|/MIDI|>
MIDI/random_notes_75.mid,MIDI2WAV/random_notes_75.wav,<|MIDI|> D#2 G2 B5 A0 G4 <|/MIDI|>
MIDI/random_notes_76.mid,MIDI2WAV/random_notes_76.wav,<|MIDI|> G#1 D#1 A#0 F2 B6 <|/MIDI|>
MIDI/random_notes_77.mid,MIDI2WAV/random_notes_77.wav,<|MIDI|> F#3 F6 G#6 A#0 A2 <|/MIDI|>
MIDI/random_notes_78.mid,MIDI2WAV/random_notes_78.wav,<|MIDI|> E1 E4 C#4 A#2 A#1 <|/MIDI|>
MIDI/random_notes_79.mid,MIDI2WAV/random_notes_79.wav,<|MIDI|> G6 G4 F3 A#7 G#7 <|/MIDI|>
MIDI/random_notes_80.mid,MIDI2WAV/random_notes_80.wav,<|MIDI|> E4 D7 F#7 F5 B4 <|/MIDI|>
MIDI/random_notes_81.mid,MIDI2WAV/random_notes_81.wav,<|MIDI|> D#3 D#1 F7 G7 E5 <|/MIDI|>
MIDI/random_notes_82.mid,MIDI2WAV/random_notes_82.wav,<|MIDI|> B3 C6 G#4 F#5 C#3 <|/MIDI|>
MIDI/random_notes_83.mid,MIDI2WAV/random_notes_83.wav,<|MIDI|> F#7 A#7 E7 C#4 C#1 <|/MIDI|>
MIDI/random_notes_84.mid,MIDI2WAV/random_notes_84.wav,<|MIDI|> B4 D6 G#7 C3 D#1 <|/MIDI|>
MIDI/random_notes_85.mid,MIDI2WAV/random_notes_85.wav,<|MIDI|> D2 A#5 E4 A#7 C#3 <|/MIDI|>
MIDI/random_notes_86.mid,MIDI2WAV/random_notes_86.wav,<|MIDI|> G#7 D4 C7 D#2 D#1 <|/MIDI|>
MIDI/random_notes_87.mid,MIDI2WAV/random_notes_87.wav,<|MIDI|> A#3 F#1 G2 C4 G#3 <|/MIDI|>
MIDI/random_notes_88.mid,MIDI2WAV/random_notes_88.wav,<|MIDI|> C#2 G#6 G#1 F#2 D7 <|/MIDI|>
MIDI/random_notes_89.mid,MIDI2WAV/random_notes_89.wav,<|MIDI|> C#6 D#2 D1 A3 A#5 <|/MIDI|>
MIDI/random_notes_90.mid,MIDI2WAV/random_notes_90.wav,<|MIDI|> D#7 C4 D#1 A#5 F#5 <|/MIDI|>
MIDI/random_notes_91.mid,MIDI2WAV/random_notes_91.wav,<|MIDI|> F4 E2 B2 C5 A#0 <|/MIDI|>
MIDI/random_notes_92.mid,MIDI2WAV/random_notes_92.wav,<|MIDI|> A4 A3 D#5 D#3 D6 <|/MIDI|>
MIDI/random_notes_93.mid,MIDI2WAV/random_notes_93.wav,<|MIDI|> C#1 G#7 F7 D#3 A4 <|/MIDI|>
MIDI/random_notes_94.mid,MIDI2WAV/random_notes_94.wav,<|MIDI|> D#3 C#5 F7 G7 A#6 <|/MIDI|>
MIDI/random_notes_95.mid,MIDI2WAV/random_notes_95.wav,<|MIDI|> F#1 B5 A#1 C#3 C7 <|/MIDI|>
MIDI/random_notes_96.mid,MIDI2WAV/random_notes_96.wav,<|MIDI|> F#1 C5 A#3 A#1 C#5 <|/MIDI|>
MIDI/random_notes_97.mid,MIDI2WAV/random_notes_97.wav,<|MIDI|> G#1 A4 C#5 D7 G7 <|/MIDI|>
MIDI/random_notes_98.mid,MIDI2WAV/random_notes_98.wav,<|MIDI|> E4 G5 F3 F6 A#6 <|/MIDI|>
MIDI/random_notes_99.mid,MIDI2WAV/random_notes_99.wav,<|MIDI|> D3 C#3 E5 C8 F3 <|/MIDI|>
MIDI/random_notes_100.mid,MIDI2WAV/random_notes_100.wav,<|MIDI|> A#6 D2 A#3 E5 C8 <|/MIDI|>
MIDI/random_notes_101.mid,MIDI2WAV/random_notes_101.wav,<|MIDI|> E3 B5 A4 B7 B1 <|/MIDI|>
MIDI/random_notes_102.mid,MIDI2WAV/random_notes_102.wav,<|MIDI|> F6 D2 F3 C3 E7 <|/MIDI|>
MIDI/random_notes_103.mid,MIDI2WAV/random_notes_103.wav,<|MIDI|> C#6 B1 G7 E6 A1 <|/MIDI|>
MIDI/random_notes_104.mid,MIDI2WAV/random_notes_104.wav,<|MIDI|> G7 E5 D6 B6 C5 <|/MIDI|>
MIDI/random_notes_105.mid,MIDI2WAV/random_notes_105.wav,<|MIDI|> F2 C2 G7 F6 A#3 <|/MIDI|>
MIDI/random_notes_106.mid,MIDI2WAV/random_notes_106.wav,<|MIDI|> A#5 F7 B7 F#3 A3 <|/MIDI|>
MIDI/random_notes_107.mid,MIDI2WAV/random_notes_107.wav,<|MIDI|> D2 D3 G1 A7 A#7 <|/MIDI|>
MIDI/random_notes_108.mid,MIDI2WAV/random_notes_108.wav,<|MIDI|> B2 E5 B0 C5 F#7 <|/MIDI|>
MIDI/random_notes_109.mid,MIDI2WAV/random_notes_109.wav,<|MIDI|> D#3 A#7 D2 C#5 C2 <|/MIDI|>
MIDI/random_notes_110.mid,MIDI2WAV/random_notes_110.wav,<|MIDI|> A#1 F#5 C1 G7 F#6 <|/MIDI|>
MIDI/random_notes_111.mid,MIDI2WAV/random_notes_111.wav,<|MIDI|> D#5 E4 D#4 D6 E6 <|/MIDI|>
MIDI/random_notes_112.mid,MIDI2WAV/random_notes_112.wav,<|MIDI|> G#3 A4 G6 A#3 A#4 <|/MIDI|>
MIDI/random_notes_113.mid,MIDI2WAV/random_notes_113.wav,<|MIDI|> E1 G6 A#4 F3 E2 <|/MIDI|>
MIDI/random_notes_114.mid,MIDI2WAV/random_notes_114.wav,<|MIDI|> G5 C#4 A#2 E7 G5 <|/MIDI|>
MIDI/random_notes_115.mid,MIDI2WAV/random_notes_115.wav,<|MIDI|> A#0 F1 D3 D3 B1 <|/MIDI|>
MIDI/random_notes_116.mid,MIDI2WAV/random_notes_116.wav,<|MIDI|> E4 C1 G#3 C1 A4 <|/MIDI|>
MIDI/random_notes_117.mid,MIDI2WAV/random_notes_117.wav,<|MIDI|> C6 D6 A7 F#3 B4 <|/MIDI|>
MIDI/random_notes_118.mid,MIDI2WAV/random_notes_118.wav,<|MIDI|> A0 B0 E6 A1 E3 <|/MIDI|>
MIDI/random_notes_119.mid,MIDI2WAV/random_notes_119.wav,<|MIDI|> F#5 A5 C3 A#1 A#5 <|/MIDI|>
MIDI/random_notes_120.mid,MIDI2WAV/random_notes_120.wav,<|MIDI|> E4 C8 E7 B6 B3 <|/MIDI|>
MIDI/random_notes_121.mid,MIDI2WAV/random_notes_121.wav,<|MIDI|> G#5 B6 F#1 C1 C7 <|/MIDI|>
MIDI/random_notes_122.mid,MIDI2WAV/random_notes_122.wav,<|MIDI|> G2 B0 G#6 C#7 B5 <|/MIDI|>
MIDI/random_notes_123.mid,MIDI2WAV/random_notes_123.wav,<|MIDI|> C7 D#1 E2 A3 C#6 <|/MIDI|>
MIDI/random_notes_124.mid,MIDI2WAV/random_notes_124.wav,<|MIDI|> G4 D3 B6 A6 D#2 <|/MIDI|>
MIDI/random_notes_125.mid,MIDI2WAV/random_notes_125.wav,<|MIDI|> F#3 A#1 G#3 C3 C#4 <|/MIDI|>
MIDI/random_notes_126.mid,MIDI2WAV/random_notes_126.wav,<|MIDI|> D5 F#6 C#7 G1 C#6 <|/MIDI|>
MIDI/random_notes_127.mid,MIDI2WAV/random_notes_127.wav,<|MIDI|> C3 D2 A#2 E6 B1 <|/MIDI|>
MIDI/random_notes_128.mid,MIDI2WAV/random_notes_128.wav,<|MIDI|> D4 B1 B1 F#4 G7 <|/MIDI|>
MIDI/random_notes_129.mid,MIDI2WAV/random_notes_129.wav,<|MIDI|> B2 E2 G3 G2 G4 <|/MIDI|>
MIDI/random_notes_130.mid,MIDI2WAV/random_notes_130.wav,<|MIDI|> A6 A#4 D#7 F6 C3 <|/MIDI|>
MIDI/random_notes_131.mid,MIDI2WAV/random_notes_131.wav,<|MIDI|> G3 A7 B3 D#6 F3 <|/MIDI|>
MIDI/random_notes_132.mid,MIDI2WAV/random_notes_132.wav,<|MIDI|> F#4 F6 C8 C8 D#4 <|/MIDI|>
MIDI/random_notes_133.mid,MIDI2WAV/random_notes_133.wav,<|MIDI|> G1 G6 A4 G#6 F#7 <|/MIDI|>
MIDI/random_notes_134.mid,MIDI2WAV/random_notes_134.wav,<|MIDI|> C7 D#5 F#4 A1 F#5 <|/MIDI|>
MIDI/random_notes_135.mid,MIDI2WAV/random_notes_135.wav,<|MIDI|> B7 C6 D#7 C3 B2 <|/MIDI|>
MIDI/random_notes_136.mid,MIDI2WAV/random_notes_136.wav,<|MIDI|> G2 A1 G#2 C#6 C7 <|/MIDI|>
MIDI/random_notes_137.mid,MIDI2WAV/random_notes_137.wav,<|MIDI|> D1 C#1 A5 C2 F#7 <|/MIDI|>
MIDI/random_notes_138.mid,MIDI2WAV/random_notes_138.wav,<|MIDI|> A1 E7 C#5 A6 A#5 <|/MIDI|>
MIDI/random_notes_139.mid,MIDI2WAV/random_notes_139.wav,<|MIDI|> E7 G#2 B3 A0 G3 <|/MIDI|>
MIDI/random_notes_140.mid,MIDI2WAV/random_notes_140.wav,<|MIDI|> D#2 F#5 C7 D#7 F#1 <|/MIDI|>
MIDI/random_notes_141.mid,MIDI2WAV/random_notes_141.wav,<|MIDI|> B2 A#1 F5 C#4 A#7 <|/MIDI|>
MIDI/random_notes_142.mid,MIDI2WAV/random_notes_142.wav,<|MIDI|> E2 C#7 C3 C4 A#2 <|/MIDI|>
MIDI/random_notes_143.mid,MIDI2WAV/random_notes_143.wav,<|MIDI|> E4 E6 F#5 F2 G#1 <|/MIDI|>
MIDI/random_notes_144.mid,MIDI2WAV/random_notes_144.wav,<|MIDI|> A7 D#2 A3 G#2 F#1 <|/MIDI|>
MIDI/random_notes_145.mid,MIDI2WAV/random_notes_145.wav,<|MIDI|> A6 G6 A0 A1 B5 <|/MIDI|>
MIDI/random_notes_146.mid,MIDI2WAV/random_notes_146.wav,<|MIDI|> A#4 E6 G1 F#2 G#3 <|/MIDI|>
MIDI/random_notes_147.mid,MIDI2WAV/random_notes_147.wav,<|MIDI|> G#5 C#5 C2 A1 A3 <|/MIDI|>
MIDI/random_notes_148.mid,MIDI2WAV/random_notes_148.wav,<|MIDI|> C1 A#1 A#0 D7 F5 <|/MIDI|>
MIDI/random_notes_149.mid,MIDI2WAV/random_notes_149.wav,<|MIDI|> D#3 F#7 G#5 B0 C7 <|/MIDI|>
MIDI/random_notes_150.mid,MIDI2WAV/random_notes_150.wav,<|MIDI|> F#4 B4 D#3 F#7 G7 <|/MIDI|>
MIDI/random_notes_151.mid,MIDI2WAV/random_notes_151.wav,<|MIDI|> F#3 A4 F#4 A#6 G#7 <|/MIDI|>
MIDI/random_notes_152.mid,MIDI2WAV/random_notes_152.wav,<|MIDI|> C5 F#7 A4 G#6 G#3 <|/MIDI|>
MIDI/random_notes_153.mid,MIDI2WAV/random_notes_153.wav,<|MIDI|> E5 D#4 G6 E2 E2 <|/MIDI|>
MIDI/random_notes_154.mid,MIDI2WAV/random_notes_154.wav,<|MIDI|> A0 D5 C#4 G#2 F6 <|/MIDI|>
MIDI/random_notes_155.mid,MIDI2WAV/random_notes_155.wav,<|MIDI|> A#6 G#7 F2 C#4 F#6 <|/MIDI|>
MIDI/random_notes_156.mid,MIDI2WAV/random_notes_156.wav,<|MIDI|> G2 G6 E6 D#6 G3 <|/MIDI|>
MIDI/random_notes_157.mid,MIDI2WAV/random_notes_157.wav,<|MIDI|> E4 D#5 C#4 B2 D5 <|/MIDI|>
MIDI/random_notes_158.mid,MIDI2WAV/random_notes_158.wav,<|MIDI|> D#4 E5 C5 F7 C#3 <|/MIDI|>
MIDI/random_notes_159.mid,MIDI2WAV/random_notes_159.wav,<|MIDI|> B4 C#2 B4 C4 C5 <|/MIDI|>
MIDI/random_notes_160.mid,MIDI2WAV/random_notes_160.wav,<|MIDI|> A#0 C#3 D5 A#1 C#4 <|/MIDI|>
MIDI/random_notes_161.mid,MIDI2WAV/random_notes_161.wav,<|MIDI|> G2 F5 C2 D#2 F#2 <|/MIDI|>
MIDI/random_notes_162.mid,MIDI2WAV/random_notes_162.wav,<|MIDI|> G#3 C1 A#7 A2 B7 <|/MIDI|>
MIDI/random_notes_163.mid,MIDI2WAV/random_notes_163.wav,<|MIDI|> C#3 B5 A#1 F#2 F7 <|/MIDI|>
MIDI/random_notes_164.mid,MIDI2WAV/random_notes_164.wav,<|MIDI|> A0 E6 A#2 E5 G2 <|/MIDI|>
MIDI/random_notes_165.mid,MIDI2WAV/random_notes_165.wav,<|MIDI|> D7 A#4 A#0 B5 D#1 <|/MIDI|>
MIDI/random_notes_166.mid,MIDI2WAV/random_notes_166.wav,<|MIDI|> B3 G7 C#2 C7 F3 <|/MIDI|>
MIDI/random_notes_167.mid,MIDI2WAV/random_notes_167.wav,<|MIDI|> A#0 A4 D#1 D#3 D6 <|/MIDI|>
MIDI/random_notes_168.mid,MIDI2WAV/random_notes_168.wav,<|MIDI|> D#1 F#6 B3 D#5 D5 <|/MIDI|>
MIDI/random_notes_169.mid,MIDI2WAV/random_notes_169.wav,<|MIDI|> D7 C#5 A#5 D2 C#3 <|/MIDI|>
MIDI/random_notes_170.mid,MIDI2WAV/random_notes_170.wav,<|MIDI|> A5 C8 C#3 A2 D3 <|/MIDI|>
MIDI/random_notes_171.mid,MIDI2WAV/random_notes_171.wav,<|MIDI|> D#4 D1 B4 D#4 F6 <|/MIDI|>
MIDI/random_notes_172.mid,MIDI2WAV/random_notes_172.wav,<|MIDI|> C#4 A#3 B6 F#2 D7 <|/MIDI|>
MIDI/random_notes_173.mid,MIDI2WAV/random_notes_173.wav,<|MIDI|> G#1 B7 E1 F#1 D4 <|/MIDI|>
MIDI/random_notes_174.mid,MIDI2WAV/random_notes_174.wav,<|MIDI|> F6 B7 B5 F7 D6 <|/MIDI|>
MIDI/random_notes_175.mid,MIDI2WAV/random_notes_175.wav,<|MIDI|> C7 B4 A#5 G#5 A1 <|/MIDI|>
MIDI/random_notes_176.mid,MIDI2WAV/random_notes_176.wav,<|MIDI|> G#3 G#4 D#6 B5 C4 <|/MIDI|>
MIDI/random_notes_177.mid,MIDI2WAV/random_notes_177.wav,<|MIDI|> C4 D5 C1 A7 F#6 <|/MIDI|>
MIDI/random_notes_178.mid,MIDI2WAV/random_notes_178.wav,<|MIDI|> C7 C3 G#7 F#3 D4 <|/MIDI|>
MIDI/random_notes_179.mid,MIDI2WAV/random_notes_179.wav,<|MIDI|> A0 G#6 A6 E3 C#2 <|/MIDI|>
MIDI/random_notes_180.mid,MIDI2WAV/random_notes_180.wav,<|MIDI|> G7 A#3 D7 E2 G#1 <|/MIDI|>
MIDI/random_notes_181.mid,MIDI2WAV/random_notes_181.wav,<|MIDI|> A4 A6 A0 A6 A7 <|/MIDI|>
MIDI/random_notes_182.mid,MIDI2WAV/random_notes_182.wav,<|MIDI|> G#2 F#7 G#6 C#1 G#2 <|/MIDI|>
MIDI/random_notes_183.mid,MIDI2WAV/random_notes_183.wav,<|MIDI|> E5 A1 E5 A1 G#1 <|/MIDI|>
MIDI/random_notes_184.mid,MIDI2WAV/random_notes_184.wav,<|MIDI|> F#3 C#7 G7 F#2 A7 <|/MIDI|>
MIDI/random_notes_185.mid,MIDI2WAV/random_notes_185.wav,<|MIDI|> A3 B0 C8 G3 F6 <|/MIDI|>
MIDI/random_notes_186.mid,MIDI2WAV/random_notes_186.wav,<|MIDI|> G#3 C2 D6 B7 G#1 <|/MIDI|>
MIDI/random_notes_187.mid,MIDI2WAV/random_notes_187.wav,<|MIDI|> G#6 C8 A#7 G2 G#7 <|/MIDI|>
MIDI/random_notes_188.mid,MIDI2WAV/random_notes_188.wav,<|MIDI|> D#6 A6 D1 A#1 A7 <|/MIDI|>
MIDI/random_notes_189.mid,MIDI2WAV/random_notes_189.wav,<|MIDI|> A#3 C#2 A#7 E1 G#4 <|/MIDI|>
MIDI/random_notes_190.mid,MIDI2WAV/random_notes_190.wav,<|MIDI|> B7 F5 F5 A#2 E4 <|/MIDI|>
MIDI/random_notes_191.mid,MIDI2WAV/random_notes_191.wav,<|MIDI|> D1 D1 F#5 D#6 B5 <|/MIDI|>
MIDI/random_notes_192.mid,MIDI2WAV/random_notes_192.wav,<|MIDI|> B3 A#0 B4 D5 C#7 <|/MIDI|>
MIDI/random_notes_193.mid,MIDI2WAV/random_notes_193.wav,<|MIDI|> D#3 G#6 C3 A3 G7 <|/MIDI|>
MIDI/random_notes_194.mid,MIDI2WAV/random_notes_194.wav,<|MIDI|> C8 D2 G#5 B1 B6 <|/MIDI|>
MIDI/random_notes_195.mid,MIDI2WAV/random_notes_195.wav,<|MIDI|> C#1 G#6 G3 E7 F5 <|/MIDI|>
MIDI/random_notes_196.mid,MIDI2WAV/random_notes_196.wav,<|MIDI|> C7 A0 D4 F#2 A#2 <|/MIDI|>
MIDI/random_notes_197.mid,MIDI2WAV/random_notes_197.wav,<|MIDI|> C#6 E2 C3 C5 B6 <|/MIDI|>
MIDI/random_notes_198.mid,MIDI2WAV/random_notes_198.wav,<|MIDI|> E4 G1 D6 G#4 A3 <|/MIDI|>
MIDI/random_notes_199.mid,MIDI2WAV/random_notes_199.wav,<|MIDI|> C#1 C1 A#1 F#6 D#1 <|/MIDI|>
MIDI/random_notes_200.mid,MIDI2WAV/random_notes_200.wav,<|MIDI|> C#7 E6 C2 D#3 D#7 <|/MIDI|>
MIDI/random_notes_201.mid,MIDI2WAV/random_notes_201.wav,<|MIDI|> A0 D#1 A#3 D#4 G5 <|/MIDI|>
MIDI/random_notes_202.mid,MIDI2WAV/random_notes_202.wav,<|MIDI|> D#3 G#1 C1 A#7 F7 <|/MIDI|>
MIDI/random_notes_203.mid,MIDI2WAV/random_notes_203.wav,<|MIDI|> B1 F6 D5 D2 G#7 <|/MIDI|>
MIDI/random_notes_204.mid,MIDI2WAV/random_notes_204.wav,<|MIDI|> G#2 F6 F#3 C#6 G3 <|/MIDI|>
MIDI/random_notes_205.mid,MIDI2WAV/random_notes_205.wav,<|MIDI|> E5 E5 D4 C#1 C#7 <|/MIDI|>
MIDI/random_notes_206.mid,MIDI2WAV/random_notes_206.wav,<|MIDI|> B6 F3 C#1 E1 B1 <|/MIDI|>
MIDI/random_notes_207.mid,MIDI2WAV/random_notes_207.wav,<|MIDI|> D#7 D6 A5 A3 A#2 <|/MIDI|>
MIDI/random_notes_208.mid,MIDI2WAV/random_notes_208.wav,<|MIDI|> C#4 G#5 C#3 G4 C#6 <|/MIDI|>
MIDI/random_notes_209.mid,MIDI2WAV/random_notes_209.wav,<|MIDI|> B7 E3 F2 B1 B5 <|/MIDI|>
MIDI/random_notes_210.mid,MIDI2WAV/random_notes_210.wav,<|MIDI|> F#6 C7 B0 G#5 E5 <|/MIDI|>
MIDI/random_notes_211.mid,MIDI2WAV/random_notes_211.wav,<|MIDI|> D#3 F#3 G#6 F4 C5 <|/MIDI|>
MIDI/random_notes_212.mid,MIDI2WAV/random_notes_212.wav,<|MIDI|> A#2 E4 C5 E6 C#1 <|/MIDI|>
MIDI/random_notes_213.mid,MIDI2WAV/random_notes_213.wav,<|MIDI|> B6 A6 A#6 D#3 D4 <|/MIDI|>
MIDI/random_notes_214.mid,MIDI2WAV/random_notes_214.wav,<|MIDI|> F#3 C8 A1 D6 B0 <|/MIDI|>
MIDI/random_notes_215.mid,MIDI2WAV/random_notes_215.wav,<|MIDI|> D#3 C5 D#4 A#2 A7 <|/MIDI|>
MIDI/random_notes_216.mid,MIDI2WAV/random_notes_216.wav,<|MIDI|> D#6 B2 F5 A#4 C#1 <|/MIDI|>
MIDI/random_notes_217.mid,MIDI2WAV/random_notes_217.wav,<|MIDI|> D#4 G#7 A#5 G#3 G#5 <|/MIDI|>
MIDI/random_notes_218.mid,MIDI2WAV/random_notes_218.wav,<|MIDI|> G1 D6 B0 G4 A1 <|/MIDI|>
MIDI/random_notes_219.mid,MIDI2WAV/random_notes_219.wav,<|MIDI|> G#2 E6 A#2 G2 B1 <|/MIDI|>
MIDI/random_notes_220.mid,MIDI2WAV/random_notes_220.wav,<|MIDI|> C7 A#1 A3 D#3 B7 <|/MIDI|>
MIDI/random_notes_221.mid,MIDI2WAV/random_notes_221.wav,<|MIDI|> F#6 F5 G6 B2 D4 <|/MIDI|>
MIDI/random_notes_222.mid,MIDI2WAV/random_notes_222.wav,<|MIDI|> C3 C1 D4 F1 G#5 <|/MIDI|>
MIDI/random_notes_223.mid,MIDI2WAV/random_notes_223.wav,<|MIDI|> C2 D6 F7 D#5 G#2 <|/MIDI|>
MIDI/random_notes_224.mid,MIDI2WAV/random_notes_224.wav,<|MIDI|> G7 F3 D4 C#2 D6 <|/MIDI|>
MIDI/random_notes_225.mid,MIDI2WAV/random_notes_225.wav,<|MIDI|> C4 D#6 C#3 G#5 A#3 <|/MIDI|>
MIDI/random_notes_226.mid,MIDI2WAV/random_notes_226.wav,<|MIDI|> B2 D#5 F#6 A4 D5 <|/MIDI|>
MIDI/random_notes_227.mid,MIDI2WAV/random_notes_227.wav,<|MIDI|> C7 A1 E2 F2 C#5 <|/MIDI|>
MIDI/random_notes_228.mid,MIDI2WAV/random_notes_228.wav,<|MIDI|> E7 F5 G#4 A3 G5 <|/MIDI|>
MIDI/random_notes_229.mid,MIDI2WAV/random_notes_229.wav,<|MIDI|> F#6 A5 E2 G#3 A5 <|/MIDI|>
MIDI/random_notes_230.mid,MIDI2WAV/random_notes_230.wav,<|MIDI|> G#3 F6 F#5 E4 C5 <|/MIDI|>
MIDI/random_notes_231.mid,MIDI2WAV/random_notes_231.wav,<|MIDI|> D4 D#4 B0 D2 G3 <|/MIDI|>
MIDI/random_notes_232.mid,MIDI2WAV/random_notes_232.wav,<|MIDI|> D7 B7 G#6 F#1 E1 <|/MIDI|>
MIDI/random_notes_233.mid,MIDI2WAV/random_notes_233.wav,<|MIDI|> D#2 D5 C3 C#5 A#0 <|/MIDI|>
MIDI/random_notes_234.mid,MIDI2WAV/random_notes_234.wav,<|MIDI|> G#3 C#1 C#7 D4 C2 <|/MIDI|>
MIDI/random_notes_235.mid,MIDI2WAV/random_notes_235.wav,<|MIDI|> G2 F6 B0 F4 E2 <|/MIDI|>
MIDI/random_notes_236.mid,MIDI2WAV/random_notes_236.wav,<|MIDI|> F6 B4 G2 A2 A#5 <|/MIDI|>
MIDI/random_notes_237.mid,MIDI2WAV/random_notes_237.wav,<|MIDI|> B3 D4 A#0 D5 D7 <|/MIDI|>
MIDI/random_notes_238.mid,MIDI2WAV/random_notes_238.wav,<|MIDI|> F#4 C#6 F#1 F#3 D#7 <|/MIDI|>
MIDI/random_notes_239.mid,MIDI2WAV/random_notes_239.wav,<|MIDI|> E3 G5 F5 G#3 A4 <|/MIDI|>
MIDI/random_notes_240.mid,MIDI2WAV/random_notes_240.wav,<|MIDI|> G#2 G6 G#5 F#3 B5 <|/MIDI|>
MIDI/random_notes_241.mid,MIDI2WAV/random_notes_241.wav,<|MIDI|> F1 F5 A3 F#7 G#7 <|/MIDI|>
MIDI/random_notes_242.mid,MIDI2WAV/random_notes_242.wav,<|MIDI|> D3 D#6 E5 C1 A2 <|/MIDI|>
MIDI/random_notes_243.mid,MIDI2WAV/random_notes_243.wav,<|MIDI|> C#5 F#4 A1 G7 C#6 <|/MIDI|>
MIDI/random_notes_244.mid,MIDI2WAV/random_notes_244.wav,<|MIDI|> A#0 B2 C#5 D7 A#4 <|/MIDI|>
MIDI/random_notes_245.mid,MIDI2WAV/random_notes_245.wav,<|MIDI|> C#5 F2 C6 E1 A#7 <|/MIDI|>
MIDI/random_notes_246.mid,MIDI2WAV/random_notes_246.wav,<|MIDI|> D4 G3 G#6 G1 A7 <|/MIDI|>
MIDI/random_notes_247.mid,MIDI2WAV/random_notes_247.wav,<|MIDI|> B3 B4 E7 F2 C#1 <|/MIDI|>
MIDI/random_notes_248.mid,MIDI2WAV/random_notes_248.wav,<|MIDI|> D#7 G#5 C#5 D2 G#6 <|/MIDI|>
MIDI/random_notes_249.mid,MIDI2WAV/random_notes_249.wav,<|MIDI|> B4 A#0 G#6 D#5 G#2 <|/MIDI|>
MIDI/random_notes_250.mid,MIDI2WAV/random_notes_250.wav,<|MIDI|> C#6 G1 A#3 D#3 F2 <|/MIDI|>
MIDI/random_notes_251.mid,MIDI2WAV/random_notes_251.wav,<|MIDI|> G#7 D7 F#3 C1 A#5 <|/MIDI|>
MIDI/random_notes_252.mid,MIDI2WAV/random_notes_252.wav,<|MIDI|> B4 A2 B3 D#3 A7 <|/MIDI|>
MIDI/random_notes_253.mid,MIDI2WAV/random_notes_253.wav,<|MIDI|> F#4 F#1 D5 C6 D7 <|/MIDI|>
MIDI/random_notes_254.mid,MIDI2WAV/random_notes_254.wav,<|MIDI|> F#6 C#2 G#1 G4 C#1 <|/MIDI|>
MIDI/random_notes_255.mid,MIDI2WAV/random_notes_255.wav,<|MIDI|> E1 A7 F7 G2 F#2 <|/MIDI|>
MIDI/random_notes_256.mid,MIDI2WAV/random_notes_256.wav,<|MIDI|> D#4 G7 G1 F#2 F#6 <|/MIDI|>
MIDI/random_notes_257.mid,MIDI2WAV/random_notes_257.wav,<|MIDI|> A1 D5 E3 B5 A0 <|/MIDI|>
MIDI/random_notes_258.mid,MIDI2WAV/random_notes_258.wav,<|MIDI|> C1 D6 B3 D#7 C#3 <|/MIDI|>
MIDI/random_notes_259.mid,MIDI2WAV/random_notes_259.wav,<|MIDI|> F4 E4 D5 E3 G#2 <|/MIDI|>
MIDI/random_notes_260.mid,MIDI2WAV/random_notes_260.wav,<|MIDI|> C2 A4 F1 F#5 A5 <|/MIDI|>
MIDI/random_notes_261.mid,MIDI2WAV/random_notes_261.wav,<|MIDI|> A#5 G2 G#3 A5 B4 <|/MIDI|>
MIDI/random_notes_262.mid,MIDI2WAV/random_notes_262.wav,<|MIDI|> A3 D2 A1 A3 F3 <|/MIDI|>
MIDI/random_notes_263.mid,MIDI2WAV/random_notes_263.wav,<|MIDI|> C#4 A7 C#1 A#7 D#5 <|/MIDI|>
MIDI/random_notes_264.mid,MIDI2WAV/random_notes_264.wav,<|MIDI|> B1 F7 F4 D#1 A0 <|/MIDI|>
MIDI/random_notes_265.mid,MIDI2WAV/random_notes_265.wav,<|MIDI|> F1 C3 D2 C5 E5 <|/MIDI|>
MIDI/random_notes_266.mid,MIDI2WAV/random_notes_266.wav,<|MIDI|> E4 G1 F3 C1 G7 <|/MIDI|>
MIDI/random_notes_267.mid,MIDI2WAV/random_notes_267.wav,<|MIDI|> F#7 F#5 D7 B3 D4 <|/MIDI|>
MIDI/random_notes_268.mid,MIDI2WAV/random_notes_268.wav,<|MIDI|> D1 E2 E5 E7 D4 <|/MIDI|>
MIDI/random_notes_269.mid,MIDI2WAV/random_notes_269.wav,<|MIDI|> E2 A3 F#7 E3 A2 <|/MIDI|>
MIDI/random_notes_270.mid,MIDI2WAV/random_notes_270.wav,<|MIDI|> C4 B5 C#5 F6 G6 <|/MIDI|>
MIDI/random_notes_271.mid,MIDI2WAV/random_notes_271.wav,<|MIDI|> G7 D#1 D5 A5 F4 <|/MIDI|>
MIDI/random_notes_272.mid,MIDI2WAV/random_notes_272.wav,<|MIDI|> E7 A2 E5 B0 C5 <|/MIDI|>
MIDI/random_notes_273.mid,MIDI2WAV/random_notes_273.wav,<|MIDI|> A3 C#4 D6 C8 D#7 <|/MIDI|>
MIDI/random_notes_274.mid,MIDI2WAV/random_notes_274.wav,<|MIDI|> G#5 B4 G#3 C#6 E1 <|/MIDI|>
MIDI/random_notes_275.mid,MIDI2WAV/random_notes_275.wav,<|MIDI|> F#5 B1 D#5 C2 A3 <|/MIDI|>
MIDI/random_notes_276.mid,MIDI2WAV/random_notes_276.wav,<|MIDI|> A2 D#5 B3 F#4 G5 <|/MIDI|>
MIDI/random_notes_277.mid,MIDI2WAV/random_notes_277.wav,<|MIDI|> F2 G#5 B0 A7 D#3 <|/MIDI|>
MIDI/random_notes_278.mid,MIDI2WAV/random_notes_278.wav,<|MIDI|> A0 B3 D1 G1 F#5 <|/MIDI|>
MIDI/random_notes_279.mid,MIDI2WAV/random_notes_279.wav,<|MIDI|> A7 F#5 A#0 F#4 D#6 <|/MIDI|>
MIDI/random_notes_280.mid,MIDI2WAV/random_notes_280.wav,<|MIDI|> B0 D6 E3 A5 B2 <|/MIDI|>
MIDI/random_notes_281.mid,MIDI2WAV/random_notes_281.wav,<|MIDI|> G7 D#1 A#7 F4 E6 <|/MIDI|>
MIDI/random_notes_282.mid,MIDI2WAV/random_notes_282.wav,<|MIDI|> F#1 B0 B3 B1 C4 <|/MIDI|>
MIDI/random_notes_283.mid,MIDI2WAV/random_notes_283.wav,<|MIDI|> D4 D2 C#1 A#0 C7 <|/MIDI|>
MIDI/random_notes_284.mid,MIDI2WAV/random_notes_284.wav,<|MIDI|> G#4 G#5 F#4 F#2 A#2 <|/MIDI|>
MIDI/random_notes_285.mid,MIDI2WAV/random_notes_285.wav,<|MIDI|> A1 F2 F3 A#4 C#7 <|/MIDI|>
MIDI/random_notes_286.mid,MIDI2WAV/random_notes_286.wav,<|MIDI|> A#6 D#1 F#1 D#3 G5 <|/MIDI|>
MIDI/random_notes_287.mid,MIDI2WAV/random_notes_287.wav,<|MIDI|> G7 C#5 D2 F#3 F#1 <|/MIDI|>
MIDI/random_notes_288.mid,MIDI2WAV/random_notes_288.wav,<|MIDI|> G2 C2 E1 D#4 A0 <|/MIDI|>
MIDI/random_notes_289.mid,MIDI2WAV/random_notes_289.wav,<|MIDI|> G3 B2 D#7 C#3 A4 <|/MIDI|>
MIDI/random_notes_290.mid,MIDI2WAV/random_notes_290.wav,<|MIDI|> G5 C#6 A#3 A#3 C8 <|/MIDI|>
MIDI/random_notes_291.mid,MIDI2WAV/random_notes_291.wav,<|MIDI|> B0 A#2 C8 F#2 A6 <|/MIDI|>
MIDI/random_notes_292.mid,MIDI2WAV/random_notes_292.wav,<|MIDI|> A2 A#1 G6 D1 F3 <|/MIDI|>
MIDI/random_notes_293.mid,MIDI2WAV/random_notes_293.wav,<|MIDI|> G#4 F#4 A#7 B0 G6 <|/MIDI|>
MIDI/random_notes_294.mid,MIDI2WAV/random_notes_294.wav,<|MIDI|> F#6 A4 A#4 B4 A4 <|/MIDI|>
MIDI/random_notes_295.mid,MIDI2WAV/random_notes_295.wav,<|MIDI|> D6 F3 E4 E5 D#2 <|/MIDI|>
MIDI/random_notes_296.mid,MIDI2WAV/random_notes_296.wav,<|MIDI|> A5 B4 F1 D#2 B1 <|/MIDI|>
MIDI/random_notes_297.mid,MIDI2WAV/random_notes_297.wav,<|MIDI|> F#4 G#3 D7 C4 G4 <|/MIDI|>
MIDI/random_notes_298.mid,MIDI2WAV/random_notes_298.wav,<|MIDI|> D6 E7 C#2 C#3 B6 <|/MIDI|>
MIDI/random_notes_299.mid,MIDI2WAV/random_notes_299.wav,<|MIDI|> F4 G#5 A2 D5 G1 <|/MIDI|>
MIDI/random_notes_300.mid,MIDI2WAV/random_notes_300.wav,<|MIDI|> G#6 E6 B7 F#4 G5 <|/MIDI|>
MIDI/random_notes_301.mid,MIDI2WAV/random_notes_301.wav,<|MIDI|> F1 C#5 C#7 F#6 C#7 <|/MIDI|>
MIDI/random_notes_302.mid,MIDI2WAV/random_notes_302.wav,<|MIDI|> E3 E6 F1 G#2 A#1 <|/MIDI|>
MIDI/random_notes_303.mid,MIDI2WAV/random_notes_303.wav,<|MIDI|> F6 E6 C#5 C#7 B4 <|/MIDI|>
MIDI/random_notes_304.mid,MIDI2WAV/random_notes_304.wav,<|MIDI|> D#4 A#4 D#5 G3 F3 <|/MIDI|>
MIDI/random_notes_305.mid,MIDI2WAV/random_notes_305.wav,<|MIDI|> A4 G#3 G6 B7 D#7 <|/MIDI|>
MIDI/random_notes_306.mid,MIDI2WAV/random_notes_306.wav,<|MIDI|> C#4 G#6 D5 F5 C5 <|/MIDI|>
MIDI/random_notes_307.mid,MIDI2WAV/random_notes_307.wav,<|MIDI|> F#2 E3 B0 D1 C#1 <|/MIDI|>
MIDI/random_notes_308.mid,MIDI2WAV/random_notes_308.wav,<|MIDI|> C#1 B2 A#6 D7 A5 <|/MIDI|>
MIDI/random_notes_309.mid,MIDI2WAV/random_notes_309.wav,<|MIDI|> G6 F#1 A#7 D5 A#6 <|/MIDI|>
MIDI/random_notes_310.mid,MIDI2WAV/random_notes_310.wav,<|MIDI|> F#2 G#6 G2 G#5 G#3 <|/MIDI|>
MIDI/random_notes_311.mid,MIDI2WAV/random_notes_311.wav,<|MIDI|> G#5 A0 C1 C#2 G#6 <|/MIDI|>
MIDI/random_notes_312.mid,MIDI2WAV/random_notes_312.wav,<|MIDI|> D#5 F#3 E1 D6 D5 <|/MIDI|>
MIDI/random_notes_313.mid,MIDI2WAV/random_notes_313.wav,<|MIDI|> E5 F1 G5 F#4 D#2 <|/MIDI|>
MIDI/random_notes_314.mid,MIDI2WAV/random_notes_314.wav,<|MIDI|> G4 C1 B0 G#3 A7 <|/MIDI|>
MIDI/random_notes_315.mid,MIDI2WAV/random_notes_315.wav,<|MIDI|> F4 A2 G5 A#5 C1 <|/MIDI|>
MIDI/random_notes_316.mid,MIDI2WAV/random_notes_316.wav,<|MIDI|> B3 C#1 B1 E5 E6 <|/MIDI|>
MIDI/random_notes_317.mid,MIDI2WAV/random_notes_317.wav,<|MIDI|> G#2 F4 C1 F6 A7 <|/MIDI|>
MIDI/random_notes_318.mid,MIDI2WAV/random_notes_318.wav,<|MIDI|> A2 C#5 G#6 B1 E4 <|/MIDI|>
MIDI/random_notes_319.mid,MIDI2WAV/random_notes_319.wav,<|MIDI|> F1 F#3 B0 C8 B2 <|/MIDI|>
MIDI/random_notes_320.mid,MIDI2WAV/random_notes_320.wav,<|MIDI|> D4 D#7 G5 C4 G#2 <|/MIDI|>
MIDI/random_notes_321.mid,MIDI2WAV/random_notes_321.wav,<|MIDI|> A1 D#5 F#4 F6 A3 <|/MIDI|>
MIDI/random_notes_322.mid,MIDI2WAV/random_notes_322.wav,<|MIDI|> C#2 F6 C#6 F6 C#1 <|/MIDI|>
MIDI/random_notes_323.mid,MIDI2WAV/random_notes_323.wav,<|MIDI|> C#7 E3 B2 D5 A5 <|/MIDI|>
MIDI/random_notes_324.mid,MIDI2WAV/random_notes_324.wav,<|MIDI|> C#5 A2 A#6 D4 F#1 <|/MIDI|>
MIDI/random_notes_325.mid,MIDI2WAV/random_notes_325.wav,<|MIDI|> E7 G5 F#5 F5 C#7 <|/MIDI|>
MIDI/random_notes_326.mid,MIDI2WAV/random_notes_326.wav,<|MIDI|> C#2 C2 G#4 A4 B7 <|/MIDI|>
MIDI/random_notes_327.mid,MIDI2WAV/random_notes_327.wav,<|MIDI|> E3 D#5 F5 A#5 F#5 <|/MIDI|>
MIDI/random_notes_328.mid,MIDI2WAV/random_notes_328.wav,<|MIDI|> C2 C5 B0 D7 D1 <|/MIDI|>
MIDI/random_notes_329.mid,MIDI2WAV/random_notes_329.wav,<|MIDI|> D6 F7 C6 B4 F2 <|/MIDI|>
MIDI/random_notes_330.mid,MIDI2WAV/random_notes_330.wav,<|MIDI|> F3 B1 D#4 D#5 A#3 <|/MIDI|>
MIDI/random_notes_331.mid,MIDI2WAV/random_notes_331.wav,<|MIDI|> G#7 C1 F1 D5 B4 <|/MIDI|>
MIDI/random_notes_332.mid,MIDI2WAV/random_notes_332.wav,<|MIDI|> D#1 B1 G6 F#6 C8 <|/MIDI|>
MIDI/random_notes_333.mid,MIDI2WAV/random_notes_333.wav,<|MIDI|> A4 C1 A2 C8 B4 <|/MIDI|>
MIDI/random_notes_334.mid,MIDI2WAV/random_notes_334.wav,<|MIDI|> G7 F2 D5 C7 B0 <|/MIDI|>
MIDI/random_notes_335.mid,MIDI2WAV/random_notes_335.wav,<|MIDI|> D7 A#0 A7 D1 F6 <|/MIDI|>
MIDI/random_notes_336.mid,MIDI2WAV/random_notes_336.wav,<|MIDI|> B2 A#6 C6 F6 D#2 <|/MIDI|>
MIDI/random_notes_337.mid,MIDI2WAV/random_notes_337.wav,<|MIDI|> F#3 D6 C6 G3 D1 <|/MIDI|>
MIDI/random_notes_338.mid,MIDI2WAV/random_notes_338.wav,<|MIDI|> A5 B3 D6 D5 D#4 <|/MIDI|>
MIDI/random_notes_339.mid,MIDI2WAV/random_notes_339.wav,<|MIDI|> C8 C#3 C5 A#5 G#7 <|/MIDI|>
MIDI/random_notes_340.mid,MIDI2WAV/random_notes_340.wav,<|MIDI|> C8 F2 A6 A#6 B7 <|/MIDI|>
MIDI/random_notes_341.mid,MIDI2WAV/random_notes_341.wav,<|MIDI|> D#7 A#1 E1 G#4 B3 <|/MIDI|>
MIDI/random_notes_342.mid,MIDI2WAV/random_notes_342.wav,<|MIDI|> A#3 F1 C#6 F2 F5 <|/MIDI|>
MIDI/random_notes_343.mid,MIDI2WAV/random_notes_343.wav,<|MIDI|> D#5 A#5 E5 D3 E5 <|/MIDI|>
MIDI/random_notes_344.mid,MIDI2WAV/random_notes_344.wav,<|MIDI|> C8 F5 D2 B5 A5 <|/MIDI|>
MIDI/random_notes_345.mid,MIDI2WAV/random_notes_345.wav,<|MIDI|> E6 D#6 E2 F6 F#5 <|/MIDI|>
MIDI/random_notes_346.mid,MIDI2WAV/random_notes_346.wav,<|MIDI|> E3 E1 B2 G#2 F#7 <|/MIDI|>
MIDI/random_notes_347.mid,MIDI2WAV/random_notes_347.wav,<|MIDI|> D#5 D7 D#5 D5 D1 <|/MIDI|>
MIDI/random_notes_348.mid,MIDI2WAV/random_notes_348.wav,<|MIDI|> D#7 C#3 C5 F#4 G1 <|/MIDI|>
MIDI/random_notes_349.mid,MIDI2WAV/random_notes_349.wav,<|MIDI|> A#6 C#4 B3 A2 C4 <|/MIDI|>
MIDI/random_notes_350.mid,MIDI2WAV/random_notes_350.wav,<|MIDI|> D#2 D4 A#1 D#6 A#3 <|/MIDI|>
MIDI/random_notes_351.mid,MIDI2WAV/random_notes_351.wav,<|MIDI|> G#2 B2 G3 E6 G3 <|/MIDI|>
MIDI/random_notes_352.mid,MIDI2WAV/random_notes_352.wav,<|MIDI|> F2 B1 D1 B6 C#2 <|/MIDI|>
MIDI/random_notes_353.mid,MIDI2WAV/random_notes_353.wav,<|MIDI|> G7 A3 C7 D2 A#5 <|/MIDI|>
MIDI/random_notes_354.mid,MIDI2WAV/random_notes_354.wav,<|MIDI|> B6 F1 C#4 C7 B5 <|/MIDI|>
MIDI/random_notes_355.mid,MIDI2WAV/random_notes_355.wav,<|MIDI|> A#7 A7 F#1 D2 C2 <|/MIDI|>
MIDI/random_notes_356.mid,MIDI2WAV/random_notes_356.wav,<|MIDI|> E3 C1 D#3 G5 B2 <|/MIDI|>
MIDI/random_notes_357.mid,MIDI2WAV/random_notes_357.wav,<|MIDI|> B5 E1 D#5 A6 E6 <|/MIDI|>
MIDI/random_notes_358.mid,MIDI2WAV/random_notes_358.wav,<|MIDI|> E6 F#4 C#3 F#3 D5 <|/MIDI|>
MIDI/random_notes_359.mid,MIDI2WAV/random_notes_359.wav,<|MIDI|> G#2 C7 E3 A6 C1 <|/MIDI|>
MIDI/random_notes_360.mid,MIDI2WAV/random_notes_360.wav,<|MIDI|> D5 E5 C#3 G2 A3 <|/MIDI|>
MIDI/random_notes_361.mid,MIDI2WAV/random_notes_361.wav,<|MIDI|> D3 D#3 A4 G#2 D1 <|/MIDI|>
MIDI/random_notes_362.mid,MIDI2WAV/random_notes_362.wav,<|MIDI|> A#6 C5 F#3 A4 D#4 <|/MIDI|>
MIDI/random_notes_363.mid,MIDI2WAV/random_notes_363.wav,<|MIDI|> B3 C8 G5 C#1 C#3 <|/MIDI|>
MIDI/random_notes_364.mid,MIDI2WAV/random_notes_364.wav,<|MIDI|> F#6 B7 G5 F#3 C1 <|/MIDI|>
MIDI/random_notes_365.mid,MIDI2WAV/random_notes_365.wav,<|MIDI|> C6 F7 B6 G#5 A#1 <|/MIDI|>
MIDI/random_notes_366.mid,MIDI2WAV/random_notes_366.wav,<|MIDI|> A#5 G#6 A#5 F4 A#7 <|/MIDI|>
MIDI/random_notes_367.mid,MIDI2WAV/random_notes_367.wav,<|MIDI|> A6 D3 B1 G1 D2 <|/MIDI|>
MIDI/random_notes_368.mid,MIDI2WAV/random_notes_368.wav,<|MIDI|> B7 B3 D#4 C8 A#3 <|/MIDI|>
MIDI/random_notes_369.mid,MIDI2WAV/random_notes_369.wav,<|MIDI|> D1 A#1 F#7 A#4 C4 <|/MIDI|>
MIDI/random_notes_370.mid,MIDI2WAV/random_notes_370.wav,<|MIDI|> G7 A#1 D#3 C4 A#5 <|/MIDI|>
MIDI/random_notes_371.mid,MIDI2WAV/random_notes_371.wav,<|MIDI|> G3 A6 A#5 A#2 B2 <|/MIDI|>
MIDI/random_notes_372.mid,MIDI2WAV/random_notes_372.wav,<|MIDI|> A1 A7 G2 C7 F#1 <|/MIDI|>
MIDI/random_notes_373.mid,MIDI2WAV/random_notes_373.wav,<|MIDI|> D#2 F#5 E6 A#0 G4 <|/MIDI|>
MIDI/random_notes_374.mid,MIDI2WAV/random_notes_374.wav,<|MIDI|> C#4 C#3 A#1 D#4 F#3 <|/MIDI|>
MIDI/random_notes_375.mid,MIDI2WAV/random_notes_375.wav,<|MIDI|> C#7 C3 C#5 B7 C1 <|/MIDI|>
MIDI/random_notes_376.mid,MIDI2WAV/random_notes_376.wav,<|MIDI|> C#7 B1 E2 D#5 E2 <|/MIDI|>
MIDI/random_notes_377.mid,MIDI2WAV/random_notes_377.wav,<|MIDI|> D5 C1 B7 D3 D#4 <|/MIDI|>
MIDI/random_notes_378.mid,MIDI2WAV/random_notes_378.wav,<|MIDI|> F#4 G#1 B6 F#3 F2 <|/MIDI|>
MIDI/random_notes_379.mid,MIDI2WAV/random_notes_379.wav,<|MIDI|> D#1 G#5 C7 G#5 C2 <|/MIDI|>
MIDI/random_notes_380.mid,MIDI2WAV/random_notes_380.wav,<|MIDI|> D#7 D#1 G#3 A1 F#6 <|/MIDI|>
MIDI/random_notes_381.mid,MIDI2WAV/random_notes_381.wav,<|MIDI|> G#3 E3 B7 A#0 F#3 <|/MIDI|>
MIDI/random_notes_382.mid,MIDI2WAV/random_notes_382.wav,<|MIDI|> A#0 G#6 G4 B4 A#7 <|/MIDI|>
MIDI/random_notes_383.mid,MIDI2WAV/random_notes_383.wav,<|MIDI|> A#7 C2 D#3 D6 C4 <|/MIDI|>
MIDI/random_notes_384.mid,MIDI2WAV/random_notes_384.wav,<|MIDI|> D#3 A#3 B4 C6 B7 <|/MIDI|>
MIDI/random_notes_385.mid,MIDI2WAV/random_notes_385.wav,<|MIDI|> G#6 D7 G#3 C#6 D#7 <|/MIDI|>
MIDI/random_notes_386.mid,MIDI2WAV/random_notes_386.wav,<|MIDI|> F#5 A#0 F#3 E1 A#5 <|/MIDI|>
MIDI/random_notes_387.mid,MIDI2WAV/random_notes_387.wav,<|MIDI|> G#4 A#2 C8 F#3 F6 <|/MIDI|>
MIDI/random_notes_388.mid,MIDI2WAV/random_notes_388.wav,<|MIDI|> E5 A#3 D6 D4 G1 <|/MIDI|>
MIDI/random_notes_389.mid,MIDI2WAV/random_notes_389.wav,<|MIDI|> F2 F7 E6 D4 G5 <|/MIDI|>
MIDI/random_notes_390.mid,MIDI2WAV/random_notes_390.wav,<|MIDI|> D5 A4 D3 A#3 B1 <|/MIDI|>
MIDI/random_notes_391.mid,MIDI2WAV/random_notes_391.wav,<|MIDI|> F#1 E5 F#6 F#3 C7 <|/MIDI|>
MIDI/random_notes_392.mid,MIDI2WAV/random_notes_392.wav,<|MIDI|> A#0 B5 A#0 D3 F#4 <|/MIDI|>
MIDI/random_notes_393.mid,MIDI2WAV/random_notes_393.wav,<|MIDI|> F#1 B0 A3 D#5 D#4 <|/MIDI|>
MIDI/random_notes_394.mid,MIDI2WAV/random_notes_394.wav,<|MIDI|> A#6 D2 A4 F4 C#6 <|/MIDI|>
MIDI/random_notes_395.mid,MIDI2WAV/random_notes_395.wav,<|MIDI|> F#7 A3 G1 E4 B2 <|/MIDI|>
MIDI/random_notes_396.mid,MIDI2WAV/random_notes_396.wav,<|MIDI|> F#2 G#1 C7 E2 G6 <|/MIDI|>
MIDI/random_notes_397.mid,MIDI2WAV/random_notes_397.wav,<|MIDI|> G#6 B3 E2 C#6 A7 <|/MIDI|>
MIDI/random_notes_398.mid,MIDI2WAV/random_notes_398.wav,<|MIDI|> F#1 D7 F#7 B5 G1 <|/MIDI|>
MIDI/random_notes_399.mid,MIDI2WAV/random_notes_399.wav,<|MIDI|> A5 E1 D4 F6 D#4 <|/MIDI|>
MIDI/random_notes_400.mid,MIDI2WAV/random_notes_400.wav,<|MIDI|> C6 F#5 C7 E6 G7 <|/MIDI|>
MIDI/random_notes_401.mid,MIDI2WAV/random_notes_401.wav,<|MIDI|> G1 C#1 D6 C#2 C4 <|/MIDI|>
MIDI/random_notes_402.mid,MIDI2WAV/random_notes_402.wav,<|MIDI|> D1 C2 D#1 D#2 D7 <|/MIDI|>
MIDI/random_notes_403.mid,MIDI2WAV/random_notes_403.wav,<|MIDI|> B7 G#1 D4 C6 D#6 <|/MIDI|>
MIDI/random_notes_404.mid,MIDI2WAV/random_notes_404.wav,<|MIDI|> C1 G#4 F3 A6 F5 <|/MIDI|>
MIDI/random_notes_405.mid,MIDI2WAV/random_notes_405.wav,<|MIDI|> D3 G5 C#5 D#2 C#3 <|/MIDI|>
MIDI/random_notes_406.mid,MIDI2WAV/random_notes_406.wav,<|MIDI|> A6 A1 B6 F1 G5 <|/MIDI|>
MIDI/random_notes_407.mid,MIDI2WAV/random_notes_407.wav,<|MIDI|> F#2 B3 B4 G3 F5 <|/MIDI|>
MIDI/random_notes_408.mid,MIDI2WAV/random_notes_408.wav,<|MIDI|> D2 G3 A1 D#6 D#4 <|/MIDI|>
MIDI/random_notes_409.mid,MIDI2WAV/random_notes_409.wav,<|MIDI|> A5 C7 E2 D4 E4 <|/MIDI|>
MIDI/random_notes_410.mid,MIDI2WAV/random_notes_410.wav,<|MIDI|> G#2 A5 C8 G4 D3 <|/MIDI|>
MIDI/random_notes_411.mid,MIDI2WAV/random_notes_411.wav,<|MIDI|> F#1 A6 D#4 A6 G#7 <|/MIDI|>
MIDI/random_notes_412.mid,MIDI2WAV/random_notes_412.wav,<|MIDI|> F#4 A#4 C4 C8 D3 <|/MIDI|>
MIDI/random_notes_413.mid,MIDI2WAV/random_notes_413.wav,<|MIDI|> C#4 A3 D6 C7 B4 <|/MIDI|>
MIDI/random_notes_414.mid,MIDI2WAV/random_notes_414.wav,<|MIDI|> C#4 A3 D3 G3 A0 <|/MIDI|>
MIDI/random_notes_415.mid,MIDI2WAV/random_notes_415.wav,<|MIDI|> E5 C4 B4 C#4 F6 <|/MIDI|>
MIDI/random_notes_416.mid,MIDI2WAV/random_notes_416.wav,<|MIDI|> D#7 G#7 F#2 G4 D5 <|/MIDI|>
MIDI/random_notes_417.mid,MIDI2WAV/random_notes_417.wav,<|MIDI|> B7 G4 G#7 G1 G4 <|/MIDI|>
MIDI/random_notes_418.mid,MIDI2WAV/random_notes_418.wav,<|MIDI|> A5 F4 G3 G4 A3 <|/MIDI|>
MIDI/random_notes_419.mid,MIDI2WAV/random_notes_419.wav,<|MIDI|> C#5 C#6 C3 C1 F3 <|/MIDI|>
MIDI/random_notes_420.mid,MIDI2WAV/random_notes_420.wav,<|MIDI|> B7 G7 D#4 F4 C8 <|/MIDI|>
MIDI/random_notes_421.mid,MIDI2WAV/random_notes_421.wav,<|MIDI|> C#1 F#4 E4 F4 G6 <|/MIDI|>
MIDI/random_notes_422.mid,MIDI2WAV/random_notes_422.wav,<|MIDI|> A6 G1 D3 F#7 G#7 <|/MIDI|>
MIDI/random_notes_423.mid,MIDI2WAV/random_notes_423.wav,<|MIDI|> F2 F#5 C7 F#5 G#5 <|/MIDI|>
MIDI/random_notes_424.mid,MIDI2WAV/random_notes_424.wav,<|MIDI|> F5 A1 B1 D#5 G3 <|/MIDI|>
MIDI/random_notes_425.mid,MIDI2WAV/random_notes_425.wav,<|MIDI|> F#1 F4 B7 D6 F#4 <|/MIDI|>
MIDI/random_notes_426.mid,MIDI2WAV/random_notes_426.wav,<|MIDI|> C#2 D#4 A5 C3 D7 <|/MIDI|>
MIDI/random_notes_427.mid,MIDI2WAV/random_notes_427.wav,<|MIDI|> D2 D6 F4 D1 G#3 <|/MIDI|>
MIDI/random_notes_428.mid,MIDI2WAV/random_notes_428.wav,<|MIDI|> G#4 A0 E7 A2 G#6 <|/MIDI|>
MIDI/random_notes_429.mid,MIDI2WAV/random_notes_429.wav,<|MIDI|> A0 B3 B6 E4 G2 <|/MIDI|>
MIDI/random_notes_430.mid,MIDI2WAV/random_notes_430.wav,<|MIDI|> A6 F#2 A7 B5 G4 <|/MIDI|>
MIDI/random_notes_431.mid,MIDI2WAV/random_notes_431.wav,<|MIDI|> C4 A6 G#3 F#6 F5 <|/MIDI|>
MIDI/random_notes_432.mid,MIDI2WAV/random_notes_432.wav,<|MIDI|> B7 F6 C#1 F#2 F#4 <|/MIDI|>
MIDI/random_notes_433.mid,MIDI2WAV/random_notes_433.wav,<|MIDI|> G#7 G5 A#2 D5 G4 <|/MIDI|>
MIDI/random_notes_434.mid,MIDI2WAV/random_notes_434.wav,<|MIDI|> F#4 A#0 F#6 D2 D#6 <|/MIDI|>
MIDI/random_notes_435.mid,MIDI2WAV/random_notes_435.wav,<|MIDI|> E2 D#1 D3 D3 F7 <|/MIDI|>
MIDI/random_notes_436.mid,MIDI2WAV/random_notes_436.wav,<|MIDI|> A#0 G4 F#5 A2 F#1 <|/MIDI|>
MIDI/random_notes_437.mid,MIDI2WAV/random_notes_437.wav,<|MIDI|> D2 F7 F#2 C#2 D#5 <|/MIDI|>
MIDI/random_notes_438.mid,MIDI2WAV/random_notes_438.wav,<|MIDI|> C4 F4 C3 G#5 G7 <|/MIDI|>
MIDI/random_notes_439.mid,MIDI2WAV/random_notes_439.wav,<|MIDI|> E3 A#2 G5 D4 G#1 <|/MIDI|>
MIDI/random_notes_440.mid,MIDI2WAV/random_notes_440.wav,<|MIDI|> G#4 D#7 F3 C#6 G5 <|/MIDI|>
MIDI/random_notes_441.mid,MIDI2WAV/random_notes_441.wav,<|MIDI|> B3 E7 C5 G7 A#0 <|/MIDI|>
MIDI/random_notes_442.mid,MIDI2WAV/random_notes_442.wav,<|MIDI|> G#3 C#5 F2 D#1 F#6 <|/MIDI|>
MIDI/random_notes_443.mid,MIDI2WAV/random_notes_443.wav,<|MIDI|> G#1 D2 B4 F#5 A0 <|/MIDI|>
MIDI/random_notes_444.mid,MIDI2WAV/random_notes_444.wav,<|MIDI|> E6 D#6 D2 A#5 F#4 <|/MIDI|>
MIDI/random_notes_445.mid,MIDI2WAV/random_notes_445.wav,<|MIDI|> C#5 E6 D#4 D1 C7 <|/MIDI|>
MIDI/random_notes_446.mid,MIDI2WAV/random_notes_446.wav,<|MIDI|> D#2 D1 E6 B4 F1 <|/MIDI|>
MIDI/random_notes_447.mid,MIDI2WAV/random_notes_447.wav,<|MIDI|> D#4 G5 F2 C#4 A#6 <|/MIDI|>
MIDI/random_notes_448.mid,MIDI2WAV/random_notes_448.wav,<|MIDI|> D1 D#6 D3 C7 A4 <|/MIDI|>
MIDI/random_notes_449.mid,MIDI2WAV/random_notes_449.wav,<|MIDI|> A#1 A5 G#2 D#5 G#4 <|/MIDI|>
MIDI/random_notes_450.mid,MIDI2WAV/random_notes_450.wav,<|MIDI|> E6 A5 B3 C#1 A6 <|/MIDI|>
MIDI/random_notes_451.mid,MIDI2WAV/random_notes_451.wav,<|MIDI|> C#1 C8 F5 E3 D#2 <|/MIDI|>
MIDI/random_notes_452.mid,MIDI2WAV/random_notes_452.wav,<|MIDI|> C7 G#4 A#0 F#4 G1 <|/MIDI|>
MIDI/random_notes_453.mid,MIDI2WAV/random_notes_453.wav,<|MIDI|> A3 A#4 D4 E4 G#2 <|/MIDI|>
MIDI/random_notes_454.mid,MIDI2WAV/random_notes_454.wav,<|MIDI|> B0 A#0 C7 A#6 C1 <|/MIDI|>
MIDI/random_notes_455.mid,MIDI2WAV/random_notes_455.wav,<|MIDI|> G1 G#3 B1 G3 F#6 <|/MIDI|>
MIDI/random_notes_456.mid,MIDI2WAV/random_notes_456.wav,<|MIDI|> A6 E4 F4 D#1 G3 <|/MIDI|>
MIDI/random_notes_457.mid,MIDI2WAV/random_notes_457.wav,<|MIDI|> C#2 A#4 E6 A#0 C2 <|/MIDI|>
MIDI/random_notes_458.mid,MIDI2WAV/random_notes_458.wav,<|MIDI|> G5 A3 C6 G#4 A#4 <|/MIDI|>
MIDI/random_notes_459.mid,MIDI2WAV/random_notes_459.wav,<|MIDI|> E6 E6 D#5 D#1 E3 <|/MIDI|>
MIDI/random_notes_460.mid,MIDI2WAV/random_notes_460.wav,<|MIDI|> D#2 F#2 D#5 C3 C4 <|/MIDI|>
MIDI/random_notes_461.mid,MIDI2WAV/random_notes_461.wav,<|MIDI|> C3 E6 C4 A1 G2 <|/MIDI|>
MIDI/random_notes_462.mid,MIDI2WAV/random_notes_462.wav,<|MIDI|> G1 G#3 G3 A3 F#7 <|/MIDI|>
MIDI/random_notes_463.mid,MIDI2WAV/random_notes_463.wav,<|MIDI|> A#3 A5 C#3 D#4 F3 <|/MIDI|>
MIDI/random_notes_464.mid,MIDI2WAV/random_notes_464.wav,<|MIDI|> C4 A#1 F5 D7 E7 <|/MIDI|>
MIDI/random_notes_465.mid,MIDI2WAV/random_notes_465.wav,<|MIDI|> B4 A#6 F#2 D1 D#7 <|/MIDI|>
MIDI/random_notes_466.mid,MIDI2WAV/random_notes_466.wav,<|MIDI|> B3 B7 D#1 D#5 E4 <|/MIDI|>
MIDI/random_notes_467.mid,MIDI2WAV/random_notes_467.wav,<|MIDI|> E6 B2 A2 D#7 C7 <|/MIDI|>
MIDI/random_notes_468.mid,MIDI2WAV/random_notes_468.wav,<|MIDI|> G#5 D2 B0 F7 B3 <|/MIDI|>
MIDI/random_notes_469.mid,MIDI2WAV/random_notes_469.wav,<|MIDI|> G#5 A2 B5 F6 A1 <|/MIDI|>
MIDI/random_notes_470.mid,MIDI2WAV/random_notes_470.wav,<|MIDI|> C4 C6 E2 A#6 D#2 <|/MIDI|>
MIDI/random_notes_471.mid,MIDI2WAV/random_notes_471.wav,<|MIDI|> F6 B0 F#1 F#6 E4 <|/MIDI|>
MIDI/random_notes_472.mid,MIDI2WAV/random_notes_472.wav,<|MIDI|> C#5 F2 G4 D4 B3 <|/MIDI|>
MIDI/random_notes_473.mid,MIDI2WAV/random_notes_473.wav,<|MIDI|> D#2 A3 A0 A1 D6 <|/MIDI|>
MIDI/random_notes_474.mid,MIDI2WAV/random_notes_474.wav,<|MIDI|> D#3 C4 F1 F#2 F4 <|/MIDI|>
MIDI/random_notes_475.mid,MIDI2WAV/random_notes_475.wav,<|MIDI|> A#4 F#2 G#7 D4 B3 <|/MIDI|>
MIDI/random_notes_476.mid,MIDI2WAV/random_notes_476.wav,<|MIDI|> F#1 G1 B5 C2 A6 <|/MIDI|>
MIDI/random_notes_477.mid,MIDI2WAV/random_notes_477.wav,<|MIDI|> G#6 A#7 A#3 F#2 A#2 <|/MIDI|>
MIDI/random_notes_478.mid,MIDI2WAV/random_notes_478.wav,<|MIDI|> A#3 C5 F#4 D5 C#3 <|/MIDI|>
MIDI/random_notes_479.mid,MIDI2WAV/random_notes_479.wav,<|MIDI|> D#2 E1 G7 B2 A2 <|/MIDI|>
MIDI/random_notes_480.mid,MIDI2WAV/random_notes_480.wav,<|MIDI|> F7 A6 B2 A#2 A#2 <|/MIDI|>
MIDI/random_notes_481.mid,MIDI2WAV/random_notes_481.wav,<|MIDI|> D1 G#7 G2 G1 E5 <|/MIDI|>
MIDI/random_notes_482.mid,MIDI2WAV/random_notes_482.wav,<|MIDI|> C3 C1 D#2 A#1 E3 <|/MIDI|>
MIDI/random_notes_483.mid,MIDI2WAV/random_notes_483.wav,<|MIDI|> B0 C#3 D#1 E3 A#3 <|/MIDI|>
MIDI/random_notes_484.mid,MIDI2WAV/random_notes_484.wav,<|MIDI|> A0 C6 D#5 F#7 F#1 <|/MIDI|>
MIDI/random_notes_485.mid,MIDI2WAV/random_notes_485.wav,<|MIDI|> G1 C#5 E2 D5 D#7 <|/MIDI|>
MIDI/random_notes_486.mid,MIDI2WAV/random_notes_486.wav,<|MIDI|> G#6 E3 D7 A#2 A#7 <|/MIDI|>
MIDI/random_notes_487.mid,MIDI2WAV/random_notes_487.wav,<|MIDI|> C1 F7 F#1 C2 B4 <|/MIDI|>
MIDI/random_notes_488.mid,MIDI2WAV/random_notes_488.wav,<|MIDI|> A#1 G3 C#3 C1 A6 <|/MIDI|>
MIDI/random_notes_489.mid,MIDI2WAV/random_notes_489.wav,<|MIDI|> A4 F#1 D6 B1 D2 <|/MIDI|>
MIDI/random_notes_490.mid,MIDI2WAV/random_notes_490.wav,<|MIDI|> B1 E1 G#1 A#3 D#6 <|/MIDI|>
MIDI/random_notes_491.mid,MIDI2WAV/random_notes_491.wav,<|MIDI|> B7 F5 B5 D1 D6 <|/MIDI|>
MIDI/random_notes_492.mid,MIDI2WAV/random_notes_492.wav,<|MIDI|> B5 F3 B6 A4 B7 <|/MIDI|>
MIDI/random_notes_493.mid,MIDI2WAV/random_notes_493.wav,<|MIDI|> F4 C#6 G4 G2 G7 <|/MIDI|>
MIDI/random_notes_494.mid,MIDI2WAV/random_notes_494.wav,<|MIDI|> A#3 F#2 F3 C7 D#6 <|/MIDI|>
MIDI/random_notes_495.mid,MIDI2WAV/random_notes_495.wav,<|MIDI|> B0 D#6 G#1 D6 D6 <|/MIDI|>
MIDI/random_notes_496.mid,MIDI2WAV/random_notes_496.wav,<|MIDI|> B4 D#4 F#5 C2 F#3 <|/MIDI|>
MIDI/random_notes_497.mid,MIDI2WAV/random_notes_497.wav,<|MIDI|> D5 B3 D4 G#6 G#1 <|/MIDI|>
MIDI/random_notes_498.mid,MIDI2WAV/random_notes_498.wav,<|MIDI|> G#2 D#5 F#7 E4 F#3 <|/MIDI|>
MIDI/random_notes_499.mid,MIDI2WAV/random_notes_499.wav,<|MIDI|> A#6 E1 A#7 F7 G#4 <|/MIDI|>
MIDI/random_notes_500.mid,MIDI2WAV/random_notes_500.wav,<|MIDI|> A#5 E5 D5 A5 A#7 <|/MIDI|>
MIDI/random_notes_501.mid,MIDI2WAV/random_notes_501.wav,<|MIDI|> E2 E3 A#0 D#3 F7 <|/MIDI|>
MIDI/random_notes_502.mid,MIDI2WAV/random_notes_502.wav,<|MIDI|> F#2 F4 D4 G#1 B1 <|/MIDI|>
MIDI/random_notes_503.mid,MIDI2WAV/random_notes_503.wav,<|MIDI|> F2 F#3 B6 C7 D#1 <|/MIDI|>
MIDI/random_notes_504.mid,MIDI2WAV/random_notes_504.wav,<|MIDI|> B7 G#6 E5 G#6 F7 <|/MIDI|>
MIDI/random_notes_505.mid,MIDI2WAV/random_notes_505.wav,<|MIDI|> G#4 E4 A6 B1 D4 <|/MIDI|>
MIDI/random_notes_506.mid,MIDI2WAV/random_notes_506.wav,<|MIDI|> B5 E1 A6 A4 D6 <|/MIDI|>
MIDI/random_notes_507.mid,MIDI2WAV/random_notes_507.wav,<|MIDI|> A#7 G2 D#3 F6 A#4 <|/MIDI|>
MIDI/random_notes_508.mid,MIDI2WAV/random_notes_508.wav,<|MIDI|> A4 G1 C5 G#7 G#6 <|/MIDI|>
MIDI/random_notes_509.mid,MIDI2WAV/random_notes_509.wav,<|MIDI|> B7 D7 F1 E5 D5 <|/MIDI|>
MIDI/random_notes_510.mid,MIDI2WAV/random_notes_510.wav,<|MIDI|> A0 F#2 A#0 D7 E6 <|/MIDI|>
MIDI/random_notes_511.mid,MIDI2WAV/random_notes_511.wav,<|MIDI|> D#6 A#2 D#3 C#4 F6 <|/MIDI|>
MIDI/random_notes_512.mid,MIDI2WAV/random_notes_512.wav,<|MIDI|> B0 C4 D#3 C#7 D2 <|/MIDI|>
MIDI/random_notes_513.mid,MIDI2WAV/random_notes_513.wav,<|MIDI|> E1 B6 C5 A#3 F4 <|/MIDI|>
MIDI/random_notes_514.mid,MIDI2WAV/random_notes_514.wav,<|MIDI|> F#7 D6 G#1 D2 D#2 <|/MIDI|>
MIDI/random_notes_515.mid,MIDI2WAV/random_notes_515.wav,<|MIDI|> F#6 G#6 F#5 G#3 F3 <|/MIDI|>
MIDI/random_notes_516.mid,MIDI2WAV/random_notes_516.wav,<|MIDI|> E3 F7 C#1 B1 C3 <|/MIDI|>
MIDI/random_notes_517.mid,MIDI2WAV/random_notes_517.wav,<|MIDI|> B0 D3 D3 B3 F#1 <|/MIDI|>
MIDI/random_notes_518.mid,MIDI2WAV/random_notes_518.wav,<|MIDI|> G#5 D7 F2 G3 E3 <|/MIDI|>
MIDI/random_notes_519.mid,MIDI2WAV/random_notes_519.wav,<|MIDI|> E7 A3 C3 F5 B2 <|/MIDI|>
MIDI/random_notes_520.mid,MIDI2WAV/random_notes_520.wav,<|MIDI|> D#3 F#4 B3 A#0 A#0 <|/MIDI|>
MIDI/random_notes_521.mid,MIDI2WAV/random_notes_521.wav,<|MIDI|> F#7 A4 B6 F#1 F#6 <|/MIDI|>
MIDI/random_notes_522.mid,MIDI2WAV/random_notes_522.wav,<|MIDI|> A5 B5 C#1 C#6 E1 <|/MIDI|>
MIDI/random_notes_523.mid,MIDI2WAV/random_notes_523.wav,<|MIDI|> C2 F#4 D#4 A6 D#7 <|/MIDI|>
MIDI/random_notes_524.mid,MIDI2WAV/random_notes_524.wav,<|MIDI|> F7 E7 A#2 A#5 G5 <|/MIDI|>
MIDI/random_notes_525.mid,MIDI2WAV/random_notes_525.wav,<|MIDI|> F#1 F#3 F#1 F#2 A2 <|/MIDI|>
MIDI/random_notes_526.mid,MIDI2WAV/random_notes_526.wav,<|MIDI|> D#6 D5 C7 C5 A#1 <|/MIDI|>
MIDI/random_notes_527.mid,MIDI2WAV/random_notes_527.wav,<|MIDI|> E6 A5 G6 F#2 G4 <|/MIDI|>
MIDI/random_notes_528.mid,MIDI2WAV/random_notes_528.wav,<|MIDI|> F#6 B7 G#4 G#3 G7 <|/MIDI|>
MIDI/random_notes_529.mid,MIDI2WAV/random_notes_529.wav,<|MIDI|> A6 C#1 F#1 D6 D1 <|/MIDI|>
MIDI/random_notes_530.mid,MIDI2WAV/random_notes_530.wav,<|MIDI|> F6 C5 B3 A#0 D3 <|/MIDI|>
MIDI/random_notes_531.mid,MIDI2WAV/random_notes_531.wav,<|MIDI|> G2 E5 D7 D3 F#7 <|/MIDI|>
MIDI/random_notes_532.mid,MIDI2WAV/random_notes_532.wav,<|MIDI|> F#2 C5 D3 G1 A1 <|/MIDI|>
MIDI/random_notes_533.mid,MIDI2WAV/random_notes_533.wav,<|MIDI|> D#1 C#5 D7 G#4 F5 <|/MIDI|>
MIDI/random_notes_534.mid,MIDI2WAV/random_notes_534.wav,<|MIDI|> G7 B4 A1 G#1 B6 <|/MIDI|>
MIDI/random_notes_535.mid,MIDI2WAV/random_notes_535.wav,<|MIDI|> A7 A5 B1 G1 A#5 <|/MIDI|>
MIDI/random_notes_536.mid,MIDI2WAV/random_notes_536.wav,<|MIDI|> G1 E4 C5 F5 G1 <|/MIDI|>
MIDI/random_notes_537.mid,MIDI2WAV/random_notes_537.wav,<|MIDI|> F7 C8 G#4 F#3 F#4 <|/MIDI|>
MIDI/random_notes_538.mid,MIDI2WAV/random_notes_538.wav,<|MIDI|> A5 C5 F#3 E4 F7 <|/MIDI|>
MIDI/random_notes_539.mid,MIDI2WAV/random_notes_539.wav,<|MIDI|> G#2 C1 D6 B4 C5 <|/MIDI|>
MIDI/random_notes_540.mid,MIDI2WAV/random_notes_540.wav,<|MIDI|> C5 G6 C1 D#5 B7 <|/MIDI|>
MIDI/random_notes_541.mid,MIDI2WAV/random_notes_541.wav,<|MIDI|> B6 A0 A6 A#3 C#5 <|/MIDI|>
MIDI/random_notes_542.mid,MIDI2WAV/random_notes_542.wav,<|MIDI|> E5 A#2 F2 G#3 D2 <|/MIDI|>
MIDI/random_notes_543.mid,MIDI2WAV/random_notes_543.wav,<|MIDI|> C3 A#3 G#4 G3 A3 <|/MIDI|>
MIDI/random_notes_544.mid,MIDI2WAV/random_notes_544.wav,<|MIDI|> B4 A7 A5 D#3 F6 <|/MIDI|>
MIDI/random_notes_545.mid,MIDI2WAV/random_notes_545.wav,<|MIDI|> D#2 D1 G3 G5 A#2 <|/MIDI|>
MIDI/random_notes_546.mid,MIDI2WAV/random_notes_546.wav,<|MIDI|> G1 E3 F5 A#0 B5 <|/MIDI|>
MIDI/random_notes_547.mid,MIDI2WAV/random_notes_547.wav,<|MIDI|> G6 B1 A4 G#4 B3 <|/MIDI|>
MIDI/random_notes_548.mid,MIDI2WAV/random_notes_548.wav,<|MIDI|> D4 F4 D4 F#5 F6 <|/MIDI|>
MIDI/random_notes_549.mid,MIDI2WAV/random_notes_549.wav,<|MIDI|> D1 A#3 F#1 D5 F3 <|/MIDI|>
MIDI/random_notes_550.mid,MIDI2WAV/random_notes_550.wav,<|MIDI|> C1 D3 G6 A#1 A#3 <|/MIDI|>
MIDI/random_notes_551.mid,MIDI2WAV/random_notes_551.wav,<|MIDI|> C8 B2 A#6 G#5 F#1 <|/MIDI|>
MIDI/random_notes_552.mid,MIDI2WAV/random_notes_552.wav,<|MIDI|> A7 A#6 B5 A3 B5 <|/MIDI|>
MIDI/random_notes_553.mid,MIDI2WAV/random_notes_553.wav,<|MIDI|> C#2 B1 D6 G#6 D2 <|/MIDI|>
MIDI/random_notes_554.mid,MIDI2WAV/random_notes_554.wav,<|MIDI|> G#4 B0 F#2 A2 E2 <|/MIDI|>
MIDI/random_notes_555.mid,MIDI2WAV/random_notes_555.wav,<|MIDI|> D2 G5 G#2 D#2 C7 <|/MIDI|>
MIDI/random_notes_556.mid,MIDI2WAV/random_notes_556.wav,<|MIDI|> F6 F6 C1 A5 C7 <|/MIDI|>
MIDI/random_notes_557.mid,MIDI2WAV/random_notes_557.wav,<|MIDI|> F3 E2 D2 B7 D6 <|/MIDI|>
MIDI/random_notes_558.mid,MIDI2WAV/random_notes_558.wav,<|MIDI|> F3 E6 G6 D#2 C6 <|/MIDI|>
MIDI/random_notes_559.mid,MIDI2WAV/random_notes_559.wav,<|MIDI|> D2 F#3 C#6 D2 A#0 <|/MIDI|>
MIDI/random_notes_560.mid,MIDI2WAV/random_notes_560.wav,<|MIDI|> G7 B5 D#2 E6 D1 <|/MIDI|>
MIDI/random_notes_561.mid,MIDI2WAV/random_notes_561.wav,<|MIDI|> D#6 E7 F#5 G#6 D6 <|/MIDI|>
MIDI/random_notes_562.mid,MIDI2WAV/random_notes_562.wav,<|MIDI|> F5 G#2 E7 D#1 B3 <|/MIDI|>
MIDI/random_notes_563.mid,MIDI2WAV/random_notes_563.wav,<|MIDI|> F#1 C#5 E7 D#4 E2 <|/MIDI|>
MIDI/random_notes_564.mid,MIDI2WAV/random_notes_564.wav,<|MIDI|> A6 F#3 F#7 F6 D#6 <|/MIDI|>
MIDI/random_notes_565.mid,MIDI2WAV/random_notes_565.wav,<|MIDI|> G3 A#4 A#6 E5 E1 <|/MIDI|>
MIDI/random_notes_566.mid,MIDI2WAV/random_notes_566.wav,<|MIDI|> A6 A4 F#7 G6 C8 <|/MIDI|>
MIDI/random_notes_567.mid,MIDI2WAV/random_notes_567.wav,<|MIDI|> C#3 C2 A4 D#1 C3 <|/MIDI|>
MIDI/random_notes_568.mid,MIDI2WAV/random_notes_568.wav,<|MIDI|> C8 E2 A#2 C#7 A4 <|/MIDI|>
MIDI/random_notes_569.mid,MIDI2WAV/random_notes_569.wav,<|MIDI|> A1 C#1 A7 C#3 A7 <|/MIDI|>
MIDI/random_notes_570.mid,MIDI2WAV/random_notes_570.wav,<|MIDI|> B2 A#7 D#3 D2 G1 <|/MIDI|>
MIDI/random_notes_571.mid,MIDI2WAV/random_notes_571.wav,<|MIDI|> E2 E4 F#6 B2 D1 <|/MIDI|>
MIDI/random_notes_572.mid,MIDI2WAV/random_notes_572.wav,<|MIDI|> F#7 A6 C#3 A4 A#3 <|/MIDI|>
MIDI/random_notes_573.mid,MIDI2WAV/random_notes_573.wav,<|MIDI|> D#6 F7 B5 D2 A#0 <|/MIDI|>
MIDI/random_notes_574.mid,MIDI2WAV/random_notes_574.wav,<|MIDI|> D#7 G#3 C4 D#5 A0 <|/MIDI|>
MIDI/random_notes_575.mid,MIDI2WAV/random_notes_575.wav,<|MIDI|> E5 A#4 D4 A5 G7 <|/MIDI|>
MIDI/random_notes_576.mid,MIDI2WAV/random_notes_576.wav,<|MIDI|> D2 G#1 C3 F3 A#1 <|/MIDI|>
MIDI/random_notes_577.mid,MIDI2WAV/random_notes_577.wav,<|MIDI|> C7 E4 A#2 F6 D6 <|/MIDI|>
MIDI/random_notes_578.mid,MIDI2WAV/random_notes_578.wav,<|MIDI|> F6 E6 A#7 A#1 G1 <|/MIDI|>
MIDI/random_notes_579.mid,MIDI2WAV/random_notes_579.wav,<|MIDI|> A#6 F#6 E7 G3 G#3 <|/MIDI|>
MIDI/random_notes_580.mid,MIDI2WAV/random_notes_580.wav,<|MIDI|> C7 A#2 C#4 G#5 A#7 <|/MIDI|>
MIDI/random_notes_581.mid,MIDI2WAV/random_notes_581.wav,<|MIDI|> D#3 G#5 G2 A5 A#6 <|/MIDI|>
MIDI/random_notes_582.mid,MIDI2WAV/random_notes_582.wav,<|MIDI|> C8 C#3 F#1 B4 A#5 <|/MIDI|>
MIDI/random_notes_583.mid,MIDI2WAV/random_notes_583.wav,<|MIDI|> C#7 F#3 G1 G#1 A7 <|/MIDI|>
MIDI/random_notes_584.mid,MIDI2WAV/random_notes_584.wav,<|MIDI|> D#6 F6 G6 C#5 B0 <|/MIDI|>
MIDI/random_notes_585.mid,MIDI2WAV/random_notes_585.wav,<|MIDI|> B2 F2 A3 C#4 G6 <|/MIDI|>
MIDI/random_notes_586.mid,MIDI2WAV/random_notes_586.wav,<|MIDI|> G7 B2 A#6 C7 C6 <|/MIDI|>
MIDI/random_notes_587.mid,MIDI2WAV/random_notes_587.wav,<|MIDI|> E6 E4 F#6 E5 D#7 <|/MIDI|>
MIDI/random_notes_588.mid,MIDI2WAV/random_notes_588.wav,<|MIDI|> C1 A#2 A#5 F#5 A#0 <|/MIDI|>
MIDI/random_notes_589.mid,MIDI2WAV/random_notes_589.wav,<|MIDI|> F4 E3 G#4 B0 G6 <|/MIDI|>
MIDI/random_notes_590.mid,MIDI2WAV/random_notes_590.wav,<|MIDI|> B4 B0 A#7 A3 F6 <|/MIDI|>
MIDI/random_notes_591.mid,MIDI2WAV/random_notes_591.wav,<|MIDI|> B1 G#1 C#7 A#2 B3 <|/MIDI|>
MIDI/random_notes_592.mid,MIDI2WAV/random_notes_592.wav,<|MIDI|> C#6 E7 C1 G#6 E2 <|/MIDI|>
MIDI/random_notes_593.mid,MIDI2WAV/random_notes_593.wav,<|MIDI|> D6 A#1 G1 C7 D6 <|/MIDI|>
MIDI/random_notes_594.mid,MIDI2WAV/random_notes_594.wav,<|MIDI|> G3 A#1 D#4 C8 C#4 <|/MIDI|>
MIDI/random_notes_595.mid,MIDI2WAV/random_notes_595.wav,<|MIDI|> B5 F#1 D7 G2 G#3 <|/MIDI|>
MIDI/random_notes_596.mid,MIDI2WAV/random_notes_596.wav,<|MIDI|> A#1 G5 C2 A#4 D3 <|/MIDI|>
MIDI/random_notes_597.mid,MIDI2WAV/random_notes_597.wav,<|MIDI|> D#4 E1 F7 E6 D4 <|/MIDI|>
MIDI/random_notes_598.mid,MIDI2WAV/random_notes_598.wav,<|MIDI|> C2 F4 E5 D#7 G1 <|/MIDI|>
MIDI/random_notes_599.mid,MIDI2WAV/random_notes_599.wav,<|MIDI|> G#3 C#2 F3 G#3 D3 <|/MIDI|>
MIDI/random_notes_600.mid,MIDI2WAV/random_notes_600.wav,<|MIDI|> C4 C#4 A6 F7 F#7 <|/MIDI|>
MIDI/random_notes_601.mid,MIDI2WAV/random_notes_601.wav,<|MIDI|> F5 F1 G6 C8 F#2 <|/MIDI|>
MIDI/random_notes_602.mid,MIDI2WAV/random_notes_602.wav,<|MIDI|> A1 G#1 D7 F5 C2 <|/MIDI|>
MIDI/random_notes_603.mid,MIDI2WAV/random_notes_603.wav,<|MIDI|> C#4 C1 A#3 G5 A4 <|/MIDI|>
MIDI/random_notes_604.mid,MIDI2WAV/random_notes_604.wav,<|MIDI|> C5 G1 A#7 G7 E4 <|/MIDI|>
MIDI/random_notes_605.mid,MIDI2WAV/random_notes_605.wav,<|MIDI|> E2 F#7 C7 G5 C#2 <|/MIDI|>
MIDI/random_notes_606.mid,MIDI2WAV/random_notes_606.wav,<|MIDI|> F#4 B2 A#6 D6 B4 <|/MIDI|>
MIDI/random_notes_607.mid,MIDI2WAV/random_notes_607.wav,<|MIDI|> A#1 D7 B5 A#7 D2 <|/MIDI|>
MIDI/random_notes_608.mid,MIDI2WAV/random_notes_608.wav,<|MIDI|> D6 G#7 A7 F6 B6 <|/MIDI|>
MIDI/random_notes_609.mid,MIDI2WAV/random_notes_609.wav,<|MIDI|> G#2 B3 G#3 F3 G2 <|/MIDI|>
MIDI/random_notes_610.mid,MIDI2WAV/random_notes_610.wav,<|MIDI|> D#5 C4 E7 G#2 C5 <|/MIDI|>
MIDI/random_notes_611.mid,MIDI2WAV/random_notes_611.wav,<|MIDI|> A5 E5 D#5 G1 C5 <|/MIDI|>
MIDI/random_notes_612.mid,MIDI2WAV/random_notes_612.wav,<|MIDI|> B7 D#6 B1 F#2 F#2 <|/MIDI|>
MIDI/random_notes_613.mid,MIDI2WAV/random_notes_613.wav,<|MIDI|> D6 E4 D3 D#7 C#5 <|/MIDI|>
MIDI/random_notes_614.mid,MIDI2WAV/random_notes_614.wav,<|MIDI|> C#6 B7 G#1 C#1 C#6 <|/MIDI|>
MIDI/random_notes_615.mid,MIDI2WAV/random_notes_615.wav,<|MIDI|> A#0 G6 F3 G#6 G#5 <|/MIDI|>
MIDI/random_notes_616.mid,MIDI2WAV/random_notes_616.wav,<|MIDI|> F5 F3 F#5 F3 C#7 <|/MIDI|>
MIDI/random_notes_617.mid,MIDI2WAV/random_notes_617.wav,<|MIDI|> G7 D#4 E5 B2 C#5 <|/MIDI|>
MIDI/random_notes_618.mid,MIDI2WAV/random_notes_618.wav,<|MIDI|> D#5 G#5 G6 D#4 F#6 <|/MIDI|>
MIDI/random_notes_619.mid,MIDI2WAV/random_notes_619.wav,<|MIDI|> F#4 G#3 D#2 F#7 D3 <|/MIDI|>
MIDI/random_notes_620.mid,MIDI2WAV/random_notes_620.wav,<|MIDI|> A3 C#3 F5 G#7 E7 <|/MIDI|>
MIDI/random_notes_621.mid,MIDI2WAV/random_notes_621.wav,<|MIDI|> F#7 A0 B1 A#3 A4 <|/MIDI|>
MIDI/random_notes_622.mid,MIDI2WAV/random_notes_622.wav,<|MIDI|> B6 E5 C4 D#1 A2 <|/MIDI|>
MIDI/random_notes_623.mid,MIDI2WAV/random_notes_623.wav,<|MIDI|> A#2 F#4 F6 G4 B5 <|/MIDI|>
MIDI/random_notes_624.mid,MIDI2WAV/random_notes_624.wav,<|MIDI|> G#3 A#5 F1 B6 D4 <|/MIDI|>
MIDI/random_notes_625.mid,MIDI2WAV/random_notes_625.wav,<|MIDI|> G6 C2 F7 A4 B1 <|/MIDI|>
MIDI/random_notes_626.mid,MIDI2WAV/random_notes_626.wav,<|MIDI|> D#1 A#0 G7 B7 C#6 <|/MIDI|>
MIDI/random_notes_627.mid,MIDI2WAV/random_notes_627.wav,<|MIDI|> F3 C5 A#6 F#3 G4 <|/MIDI|>
MIDI/random_notes_628.mid,MIDI2WAV/random_notes_628.wav,<|MIDI|> A3 F#7 A#6 F2 C#5 <|/MIDI|>
MIDI/random_notes_629.mid,MIDI2WAV/random_notes_629.wav,<|MIDI|> D#2 F#3 F#5 C#3 F7 <|/MIDI|>
MIDI/random_notes_630.mid,MIDI2WAV/random_notes_630.wav,<|MIDI|> F3 A#3 G1 C#4 A#4 <|/MIDI|>
MIDI/random_notes_631.mid,MIDI2WAV/random_notes_631.wav,<|MIDI|> D#5 F7 G5 A#2 C5 <|/MIDI|>
MIDI/random_notes_632.mid,MIDI2WAV/random_notes_632.wav,<|MIDI|> G#1 E2 A#0 F#3 C#6 <|/MIDI|>
MIDI/random_notes_633.mid,MIDI2WAV/random_notes_633.wav,<|MIDI|> C#3 C#6 D#1 F#1 C#6 <|/MIDI|>
MIDI/random_notes_634.mid,MIDI2WAV/random_notes_634.wav,<|MIDI|> B7 D#5 C#5 B2 G1 <|/MIDI|>
MIDI/random_notes_635.mid,MIDI2WAV/random_notes_635.wav,<|MIDI|> E3 A#3 F1 B4 A#1 <|/MIDI|>
MIDI/random_notes_636.mid,MIDI2WAV/random_notes_636.wav,<|MIDI|> E1 C#3 E2 A3 A7 <|/MIDI|>
MIDI/random_notes_637.mid,MIDI2WAV/random_notes_637.wav,<|MIDI|> E6 E7 C3 C8 D#4 <|/MIDI|>
MIDI/random_notes_638.mid,MIDI2WAV/random_notes_638.wav,<|MIDI|> G5 F3 A#5 D4 F#1 <|/MIDI|>
MIDI/random_notes_639.mid,MIDI2WAV/random_notes_639.wav,<|MIDI|> B4 G#5 D2 C4 A1 <|/MIDI|>
MIDI/random_notes_640.mid,MIDI2WAV/random_notes_640.wav,<|MIDI|> C4 D#1 B0 G#2 F#3 <|/MIDI|>
MIDI/random_notes_641.mid,MIDI2WAV/random_notes_641.wav,<|MIDI|> A#1 A1 E1 G3 D#5 <|/MIDI|>
MIDI/random_notes_642.mid,MIDI2WAV/random_notes_642.wav,<|MIDI|> B6 E4 A0 D#4 C#6 <|/MIDI|>
MIDI/random_notes_643.mid,MIDI2WAV/random_notes_643.wav,<|MIDI|> D6 D5 C#3 D7 G5 <|/MIDI|>
MIDI/random_notes_644.mid,MIDI2WAV/random_notes_644.wav,<|MIDI|> G7 A#6 G4 G1 D5 <|/MIDI|>
MIDI/random_notes_645.mid,MIDI2WAV/random_notes_645.wav,<|MIDI|> D4 A2 F#4 C#6 G#7 <|/MIDI|>
MIDI/random_notes_646.mid,MIDI2WAV/random_notes_646.wav,<|MIDI|> A2 E4 F#2 A4 A#5 <|/MIDI|>
MIDI/random_notes_647.mid,MIDI2WAV/random_notes_647.wav,<|MIDI|> G2 E7 C#6 G2 F5 <|/MIDI|>
MIDI/random_notes_648.mid,MIDI2WAV/random_notes_648.wav,<|MIDI|> C#6 C#7 C2 G7 C#5 <|/MIDI|>
MIDI/random_notes_649.mid,MIDI2WAV/random_notes_649.wav,<|MIDI|> C2 A6 B0 F#4 F#3 <|/MIDI|>
MIDI/random_notes_650.mid,MIDI2WAV/random_notes_650.wav,<|MIDI|> E7 G5 D6 D#1 A#5 <|/MIDI|>
MIDI/random_notes_651.mid,MIDI2WAV/random_notes_651.wav,<|MIDI|> D2 C#3 C7 G7 C7 <|/MIDI|>
MIDI/random_notes_652.mid,MIDI2WAV/random_notes_652.wav,<|MIDI|> A7 B3 G4 A#4 C6 <|/MIDI|>
MIDI/random_notes_653.mid,MIDI2WAV/random_notes_653.wav,<|MIDI|> C#1 G#4 F#6 E1 C7 <|/MIDI|>
MIDI/random_notes_654.mid,MIDI2WAV/random_notes_654.wav,<|MIDI|> G6 E2 F5 G2 A#4 <|/MIDI|>
MIDI/random_notes_655.mid,MIDI2WAV/random_notes_655.wav,<|MIDI|> B0 G7 B1 G7 D#2 <|/MIDI|>
MIDI/random_notes_656.mid,MIDI2WAV/random_notes_656.wav,<|MIDI|> A4 F6 F4 A#7 C8 <|/MIDI|>
MIDI/random_notes_657.mid,MIDI2WAV/random_notes_657.wav,<|MIDI|> B2 A#2 C#5 F7 F#5 <|/MIDI|>
MIDI/random_notes_658.mid,MIDI2WAV/random_notes_658.wav,<|MIDI|> A#1 A6 C#6 C2 G2 <|/MIDI|>
MIDI/random_notes_659.mid,MIDI2WAV/random_notes_659.wav,<|MIDI|> A5 F#1 F#4 B7 F6 <|/MIDI|>
MIDI/random_notes_660.mid,MIDI2WAV/random_notes_660.wav,<|MIDI|> F#4 D4 C6 G2 B6 <|/MIDI|>
MIDI/random_notes_661.mid,MIDI2WAV/random_notes_661.wav,<|MIDI|> A4 F#6 G5 F#5 D6 <|/MIDI|>
MIDI/random_notes_662.mid,MIDI2WAV/random_notes_662.wav,<|MIDI|> F6 F#6 A3 C8 D2 <|/MIDI|>
MIDI/random_notes_663.mid,MIDI2WAV/random_notes_663.wav,<|MIDI|> G6 G2 A#2 F3 F#4 <|/MIDI|>
MIDI/random_notes_664.mid,MIDI2WAV/random_notes_664.wav,<|MIDI|> F#6 F2 D#6 D#2 F#1 <|/MIDI|>
MIDI/random_notes_665.mid,MIDI2WAV/random_notes_665.wav,<|MIDI|> F#3 G5 C#1 A1 E5 <|/MIDI|>
MIDI/random_notes_666.mid,MIDI2WAV/random_notes_666.wav,<|MIDI|> C3 G6 A0 C#2 E6 <|/MIDI|>
MIDI/random_notes_667.mid,MIDI2WAV/random_notes_667.wav,<|MIDI|> C4 D5 D#7 B2 D#3 <|/MIDI|>
MIDI/random_notes_668.mid,MIDI2WAV/random_notes_668.wav,<|MIDI|> D1 E2 C3 A4 G#3 <|/MIDI|>
MIDI/random_notes_669.mid,MIDI2WAV/random_notes_669.wav,<|MIDI|> C8 B7 D#3 G7 D#5 <|/MIDI|>
MIDI/random_notes_670.mid,MIDI2WAV/random_notes_670.wav,<|MIDI|> C#7 C#2 F4 G4 C3 <|/MIDI|>
MIDI/random_notes_671.mid,MIDI2WAV/random_notes_671.wav,<|MIDI|> D1 G3 D4 F#6 D6 <|/MIDI|>
MIDI/random_notes_672.mid,MIDI2WAV/random_notes_672.wav,<|MIDI|> G#2 A5 G5 D3 C1 <|/MIDI|>
MIDI/random_notes_673.mid,MIDI2WAV/random_notes_673.wav,<|MIDI|> C1 C3 B7 A7 E2 <|/MIDI|>
MIDI/random_notes_674.mid,MIDI2WAV/random_notes_674.wav,<|MIDI|> B1 G#3 B7 G#6 E6 <|/MIDI|>
MIDI/random_notes_675.mid,MIDI2WAV/random_notes_675.wav,<|MIDI|> A#2 C6 A1 D#3 E5 <|/MIDI|>
MIDI/random_notes_676.mid,MIDI2WAV/random_notes_676.wav,<|MIDI|> D#6 B4 F4 D#3 C#3 <|/MIDI|>
MIDI/random_notes_677.mid,MIDI2WAV/random_notes_677.wav,<|MIDI|> C#7 F#7 F#4 B0 F7 <|/MIDI|>
MIDI/random_notes_678.mid,MIDI2WAV/random_notes_678.wav,<|MIDI|> B1 D6 F4 C#7 B4 <|/MIDI|>
MIDI/random_notes_679.mid,MIDI2WAV/random_notes_679.wav,<|MIDI|> E4 B6 G3 D1 G#2 <|/MIDI|>
MIDI/random_notes_680.mid,MIDI2WAV/random_notes_680.wav,<|MIDI|> D3 B5 A1 G#6 A1 <|/MIDI|>
MIDI/random_notes_681.mid,MIDI2WAV/random_notes_681.wav,<|MIDI|> C3 A#0 F4 C5 A#5 <|/MIDI|>
MIDI/random_notes_682.mid,MIDI2WAV/random_notes_682.wav,<|MIDI|> B7 B7 B4 G2 C2 <|/MIDI|>
MIDI/random_notes_683.mid,MIDI2WAV/random_notes_683.wav,<|MIDI|> C#3 C#5 G#4 C2 C#6 <|/MIDI|>
MIDI/random_notes_684.mid,MIDI2WAV/random_notes_684.wav,<|MIDI|> D#3 D#4 D#3 A#7 A5 <|/MIDI|>
MIDI/random_notes_685.mid,MIDI2WAV/random_notes_685.wav,<|MIDI|> B0 A#1 D#4 D3 G#3 <|/MIDI|>
MIDI/random_notes_686.mid,MIDI2WAV/random_notes_686.wav,<|MIDI|> E2 G4 G#4 G#5 E5 <|/MIDI|>
MIDI/random_notes_687.mid,MIDI2WAV/random_notes_687.wav,<|MIDI|> F#3 D2 C5 D#7 D#7 <|/MIDI|>
MIDI/random_notes_688.mid,MIDI2WAV/random_notes_688.wav,<|MIDI|> G1 F#7 E3 D4 G#7 <|/MIDI|>
MIDI/random_notes_689.mid,MIDI2WAV/random_notes_689.wav,<|MIDI|> F#2 A#4 F3 E2 B0 <|/MIDI|>
MIDI/random_notes_690.mid,MIDI2WAV/random_notes_690.wav,<|MIDI|> C#2 A1 B3 A7 C4 <|/MIDI|>
MIDI/random_notes_691.mid,MIDI2WAV/random_notes_691.wav,<|MIDI|> A#1 A3 C3 G6 F#4 <|/MIDI|>
MIDI/random_notes_692.mid,MIDI2WAV/random_notes_692.wav,<|MIDI|> E3 D#1 C#7 A7 G#6 <|/MIDI|>
MIDI/random_notes_693.mid,MIDI2WAV/random_notes_693.wav,<|MIDI|> C3 B6 B4 C8 E2 <|/MIDI|>
MIDI/random_notes_694.mid,MIDI2WAV/random_notes_694.wav,<|MIDI|> B7 D5 F#3 C#3 A#0 <|/MIDI|>
MIDI/random_notes_695.mid,MIDI2WAV/random_notes_695.wav,<|MIDI|> A#3 D#7 F4 D#5 D#6 <|/MIDI|>
MIDI/random_notes_696.mid,MIDI2WAV/random_notes_696.wav,<|MIDI|> A5 G3 D7 B0 B5 <|/MIDI|>
MIDI/random_notes_697.mid,MIDI2WAV/random_notes_697.wav,<|MIDI|> G#6 A#6 C8 B0 B2 <|/MIDI|>
MIDI/random_notes_698.mid,MIDI2WAV/random_notes_698.wav,<|MIDI|> D6 E3 F#1 G#1 G#1 <|/MIDI|>
MIDI/random_notes_699.mid,MIDI2WAV/random_notes_699.wav,<|MIDI|> D1 E6 A6 G5 G#1 <|/MIDI|>
MIDI/random_notes_700.mid,MIDI2WAV/random_notes_700.wav,<|MIDI|> C#1 F#4 B1 F5 F#6 <|/MIDI|>
MIDI/random_notes_701.mid,MIDI2WAV/random_notes_701.wav,<|MIDI|> E7 D#2 C2 D5 B1 <|/MIDI|>
MIDI/random_notes_702.mid,MIDI2WAV/random_notes_702.wav,<|MIDI|> A#7 F#1 E2 C#3 F6 <|/MIDI|>
MIDI/random_notes_703.mid,MIDI2WAV/random_notes_703.wav,<|MIDI|> B1 G#1 D#5 F#3 A0 <|/MIDI|>
MIDI/random_notes_704.mid,MIDI2WAV/random_notes_704.wav,<|MIDI|> G#7 B7 G#4 E7 C#5 <|/MIDI|>
MIDI/random_notes_705.mid,MIDI2WAV/random_notes_705.wav,<|MIDI|> E5 B5 D1 G3 F3 <|/MIDI|>
MIDI/random_notes_706.mid,MIDI2WAV/random_notes_706.wav,<|MIDI|> G#3 D#3 B5 D6 G#5 <|/MIDI|>
MIDI/random_notes_707.mid,MIDI2WAV/random_notes_707.wav,<|MIDI|> F#3 D#5 C#3 C1 E1 <|/MIDI|>
MIDI/random_notes_708.mid,MIDI2WAV/random_notes_708.wav,<|MIDI|> A2 A1 D7 C4 F7 <|/MIDI|>
MIDI/random_notes_709.mid,MIDI2WAV/random_notes_709.wav,<|MIDI|> D#7 A6 C7 B4 D#4 <|/MIDI|>
MIDI/random_notes_710.mid,MIDI2WAV/random_notes_710.wav,<|MIDI|> A3 E6 D#7 F#3 D7 <|/MIDI|>
MIDI/random_notes_711.mid,MIDI2WAV/random_notes_711.wav,<|MIDI|> B0 E2 C#1 G#7 D3 <|/MIDI|>
MIDI/random_notes_712.mid,MIDI2WAV/random_notes_712.wav,<|MIDI|> E6 D#1 D#6 F#7 B2 <|/MIDI|>
MIDI/random_notes_713.mid,MIDI2WAV/random_notes_713.wav,<|MIDI|> A#0 C3 D#5 A#1 B0 <|/MIDI|>
MIDI/random_notes_714.mid,MIDI2WAV/random_notes_714.wav,<|MIDI|> A6 G5 A#5 D1 G#1 <|/MIDI|>
MIDI/random_notes_715.mid,MIDI2WAV/random_notes_715.wav,<|MIDI|> C#1 A6 B2 C2 E6 <|/MIDI|>
MIDI/random_notes_716.mid,MIDI2WAV/random_notes_716.wav,<|MIDI|> C5 E3 C5 F#1 C6 <|/MIDI|>
MIDI/random_notes_717.mid,MIDI2WAV/random_notes_717.wav,<|MIDI|> C#2 C#5 C#5 G3 G#6 <|/MIDI|>
MIDI/random_notes_718.mid,MIDI2WAV/random_notes_718.wav,<|MIDI|> G3 B5 F2 D5 F#2 <|/MIDI|>
MIDI/random_notes_719.mid,MIDI2WAV/random_notes_719.wav,<|MIDI|> D#6 D3 G#6 D#2 D4 <|/MIDI|>
MIDI/random_notes_720.mid,MIDI2WAV/random_notes_720.wav,<|MIDI|> G#1 G#2 G5 D7 G7 <|/MIDI|>
MIDI/random_notes_721.mid,MIDI2WAV/random_notes_721.wav,<|MIDI|> C#6 G#7 C#2 D5 A#5 <|/MIDI|>
MIDI/random_notes_722.mid,MIDI2WAV/random_notes_722.wav,<|MIDI|> G4 G2 C#4 B6 B3 <|/MIDI|>
MIDI/random_notes_723.mid,MIDI2WAV/random_notes_723.wav,<|MIDI|> A0 D#6 C6 F#2 D1 <|/MIDI|>
MIDI/random_notes_724.mid,MIDI2WAV/random_notes_724.wav,<|MIDI|> B5 D#5 E6 G#2 G#2 <|/MIDI|>
MIDI/random_notes_725.mid,MIDI2WAV/random_notes_725.wav,<|MIDI|> A#6 F2 A5 A#0 C#2 <|/MIDI|>
MIDI/random_notes_726.mid,MIDI2WAV/random_notes_726.wav,<|MIDI|> B5 D7 F3 A7 D2 <|/MIDI|>
MIDI/random_notes_727.mid,MIDI2WAV/random_notes_727.wav,<|MIDI|> C4 F4 C#7 A0 D2 <|/MIDI|>
MIDI/random_notes_728.mid,MIDI2WAV/random_notes_728.wav,<|MIDI|> F#7 A5 F#4 A#7 D3 <|/MIDI|>
MIDI/random_notes_729.mid,MIDI2WAV/random_notes_729.wav,<|MIDI|> D1 E7 G#5 A4 E6 <|/MIDI|>
MIDI/random_notes_730.mid,MIDI2WAV/random_notes_730.wav,<|MIDI|> C6 F2 F4 F#6 A5 <|/MIDI|>
MIDI/random_notes_731.mid,MIDI2WAV/random_notes_731.wav,<|MIDI|> C#1 F1 C#4 C2 A4 <|/MIDI|>
MIDI/random_notes_732.mid,MIDI2WAV/random_notes_732.wav,<|MIDI|> F7 E2 G#6 F2 A7 <|/MIDI|>
MIDI/random_notes_733.mid,MIDI2WAV/random_notes_733.wav,<|MIDI|> G7 A#7 A1 A#2 B4 <|/MIDI|>
MIDI/random_notes_734.mid,MIDI2WAV/random_notes_734.wav,<|MIDI|> C4 A7 F4 C7 G1 <|/MIDI|>
MIDI/random_notes_735.mid,MIDI2WAV/random_notes_735.wav,<|MIDI|> A5 G#2 G6 C1 A#2 <|/MIDI|>
MIDI/random_notes_736.mid,MIDI2WAV/random_notes_736.wav,<|MIDI|> D#4 C6 A#5 A#6 D3 <|/MIDI|>
MIDI/random_notes_737.mid,MIDI2WAV/random_notes_737.wav,<|MIDI|> B1 B5 E4 C6 E7 <|/MIDI|>
MIDI/random_notes_738.mid,MIDI2WAV/random_notes_738.wav,<|MIDI|> F4 F#1 G#1 C#6 C#5 <|/MIDI|>
MIDI/random_notes_739.mid,MIDI2WAV/random_notes_739.wav,<|MIDI|> F1 F#1 G#4 A#1 D#2 <|/MIDI|>
MIDI/random_notes_740.mid,MIDI2WAV/random_notes_740.wav,<|MIDI|> D#3 G5 B1 A1 C7 <|/MIDI|>
MIDI/random_notes_741.mid,MIDI2WAV/random_notes_741.wav,<|MIDI|> F5 D3 G#5 E6 C#6 <|/MIDI|>
MIDI/random_notes_742.mid,MIDI2WAV/random_notes_742.wav,<|MIDI|> B5 A5 F#4 G1 G#3 <|/MIDI|>
MIDI/random_notes_743.mid,MIDI2WAV/random_notes_743.wav,<|MIDI|> F5 C#3 E1 B0 C5 <|/MIDI|>
MIDI/random_notes_744.mid,MIDI2WAV/random_notes_744.wav,<|MIDI|> D#4 G1 G4 E7 D2 <|/MIDI|>
MIDI/random_notes_745.mid,MIDI2WAV/random_notes_745.wav,<|MIDI|> G1 D2 G4 G#2 A1 <|/MIDI|>
MIDI/random_notes_746.mid,MIDI2WAV/random_notes_746.wav,<|MIDI|> A#1 C8 D#5 E4 C#5 <|/MIDI|>
MIDI/random_notes_747.mid,MIDI2WAV/random_notes_747.wav,<|MIDI|> A#5 D7 C7 G#2 A6 <|/MIDI|>
MIDI/random_notes_748.mid,MIDI2WAV/random_notes_748.wav,<|MIDI|> A#7 B4 D5 C3 D#1 <|/MIDI|>
MIDI/random_notes_749.mid,MIDI2WAV/random_notes_749.wav,<|MIDI|> G#3 C1 A#1 D7 C#6 <|/MIDI|>
MIDI/random_notes_750.mid,MIDI2WAV/random_notes_750.wav,<|MIDI|> C7 B3 C2 F2 E3 <|/MIDI|>
MIDI/random_notes_751.mid,MIDI2WAV/random_notes_751.wav,<|MIDI|> G2 C4 D7 B5 E7 <|/MIDI|>
MIDI/random_notes_752.mid,MIDI2WAV/random_notes_752.wav,<|MIDI|> E6 D#7 D4 G#3 F6 <|/MIDI|>
MIDI/random_notes_753.mid,MIDI2WAV/random_notes_753.wav,<|MIDI|> B4 B3 G#6 B1 G6 <|/MIDI|>
MIDI/random_notes_754.mid,MIDI2WAV/random_notes_754.wav,<|MIDI|> C#6 C6 E3 C6 C#7 <|/MIDI|>
MIDI/random_notes_755.mid,MIDI2WAV/random_notes_755.wav,<|MIDI|> G2 A1 G#3 A0 C#2 <|/MIDI|>
MIDI/random_notes_756.mid,MIDI2WAV/random_notes_756.wav,<|MIDI|> B1 G1 D4 A6 C#2 <|/MIDI|>
MIDI/random_notes_757.mid,MIDI2WAV/random_notes_757.wav,<|MIDI|> C8 A#0 D3 C2 C5 <|/MIDI|>
MIDI/random_notes_758.mid,MIDI2WAV/random_notes_758.wav,<|MIDI|> C#6 B3 A6 B6 B6 <|/MIDI|>
MIDI/random_notes_759.mid,MIDI2WAV/random_notes_759.wav,<|MIDI|> E7 D5 C8 C1 C#2 <|/MIDI|>
MIDI/random_notes_760.mid,MIDI2WAV/random_notes_760.wav,<|MIDI|> F#7 C2 C#6 G2 E7 <|/MIDI|>
MIDI/random_notes_761.mid,MIDI2WAV/random_notes_761.wav,<|MIDI|> D4 G1 D#1 C#2 G7 <|/MIDI|>
MIDI/random_notes_762.mid,MIDI2WAV/random_notes_762.wav,<|MIDI|> F#7 D7 D#5 G4 B4 <|/MIDI|>
MIDI/random_notes_763.mid,MIDI2WAV/random_notes_763.wav,<|MIDI|> A#4 C6 A3 A2 C#1 <|/MIDI|>
MIDI/random_notes_764.mid,MIDI2WAV/random_notes_764.wav,<|MIDI|> G#7 A#4 D#6 C#4 A6 <|/MIDI|>
MIDI/random_notes_765.mid,MIDI2WAV/random_notes_765.wav,<|MIDI|> B4 D#2 F#5 G2 D#6 <|/MIDI|>
MIDI/random_notes_766.mid,MIDI2WAV/random_notes_766.wav,<|MIDI|> B0 A#6 A#2 G7 A6 <|/MIDI|>
MIDI/random_notes_767.mid,MIDI2WAV/random_notes_767.wav,<|MIDI|> A#2 A0 F#1 F#7 F#2 <|/MIDI|>
MIDI/random_notes_768.mid,MIDI2WAV/random_notes_768.wav,<|MIDI|> D#1 D#2 A7 D#2 C8 <|/MIDI|>
MIDI/random_notes_769.mid,MIDI2WAV/random_notes_769.wav,<|MIDI|> D6 G#7 A5 D1 C8 <|/MIDI|>
MIDI/random_notes_770.mid,MIDI2WAV/random_notes_770.wav,<|MIDI|> A#3 F4 F1 A#2 G#6 <|/MIDI|>
MIDI/random_notes_771.mid,MIDI2WAV/random_notes_771.wav,<|MIDI|> E7 D7 C#5 G3 A#5 <|/MIDI|>
MIDI/random_notes_772.mid,MIDI2WAV/random_notes_772.wav,<|MIDI|> F#4 A#1 D3 G5 B7 <|/MIDI|>
MIDI/random_notes_773.mid,MIDI2WAV/random_notes_773.wav,<|MIDI|> C#7 G1 E4 G#2 G4 <|/MIDI|>
MIDI/random_notes_774.mid,MIDI2WAV/random_notes_774.wav,<|MIDI|> G7 A#7 C7 C#4 C7 <|/MIDI|>
MIDI/random_notes_775.mid,MIDI2WAV/random_notes_775.wav,<|MIDI|> C#7 A4 F2 G2 F#4 <|/MIDI|>
MIDI/random_notes_776.mid,MIDI2WAV/random_notes_776.wav,<|MIDI|> A#0 D1 A0 C4 F#2 <|/MIDI|>
MIDI/random_notes_777.mid,MIDI2WAV/random_notes_777.wav,<|MIDI|> A#0 C7 A#1 G#7 F#7 <|/MIDI|>
MIDI/random_notes_778.mid,MIDI2WAV/random_notes_778.wav,<|MIDI|> C5 E6 F2 G1 B3 <|/MIDI|>
MIDI/random_notes_779.mid,MIDI2WAV/random_notes_779.wav,<|MIDI|> F4 E7 F2 D#5 G#3 <|/MIDI|>
MIDI/random_notes_780.mid,MIDI2WAV/random_notes_780.wav,<|MIDI|> D2 A#2 F4 G#7 G#7 <|/MIDI|>
MIDI/random_notes_781.mid,MIDI2WAV/random_notes_781.wav,<|MIDI|> C#2 D#1 G6 F#1 C7 <|/MIDI|>
MIDI/random_notes_782.mid,MIDI2WAV/random_notes_782.wav,<|MIDI|> D2 E5 C2 C#6 D#4 <|/MIDI|>
MIDI/random_notes_783.mid,MIDI2WAV/random_notes_783.wav,<|MIDI|> D#1 G7 G2 F7 D#5 <|/MIDI|>
MIDI/random_notes_784.mid,MIDI2WAV/random_notes_784.wav,<|MIDI|> B5 F#3 D#5 B1 G#2 <|/MIDI|>
MIDI/random_notes_785.mid,MIDI2WAV/random_notes_785.wav,<|MIDI|> A6 D1 A5 F5 G#2 <|/MIDI|>
MIDI/random_notes_786.mid,MIDI2WAV/random_notes_786.wav,<|MIDI|> B3 A5 D6 B6 A3 <|/MIDI|>
MIDI/random_notes_787.mid,MIDI2WAV/random_notes_787.wav,<|MIDI|> A3 C4 F5 F#4 D6 <|/MIDI|>
MIDI/random_notes_788.mid,MIDI2WAV/random_notes_788.wav,<|MIDI|> B5 B6 C#4 C#2 A5 <|/MIDI|>
MIDI/random_notes_789.mid,MIDI2WAV/random_notes_789.wav,<|MIDI|> F#5 C#7 G5 C2 A4 <|/MIDI|>
MIDI/random_notes_790.mid,MIDI2WAV/random_notes_790.wav,<|MIDI|> A#6 C7 F3 G#5 G#3 <|/MIDI|>
MIDI/random_notes_791.mid,MIDI2WAV/random_notes_791.wav,<|MIDI|> D3 C4 G5 C8 A#0 <|/MIDI|>
MIDI/random_notes_792.mid,MIDI2WAV/random_notes_792.wav,<|MIDI|> F#1 G#4 C#5 B5 E7 <|/MIDI|>
MIDI/random_notes_793.mid,MIDI2WAV/random_notes_793.wav,<|MIDI|> G7 G7 C#5 F#6 F3 <|/MIDI|>
MIDI/random_notes_794.mid,MIDI2WAV/random_notes_794.wav,<|MIDI|> F#1 F#7 A#6 E5 F#4 <|/MIDI|>
MIDI/random_notes_795.mid,MIDI2WAV/random_notes_795.wav,<|MIDI|> A#4 E5 F5 A#0 B7 <|/MIDI|>
MIDI/random_notes_796.mid,MIDI2WAV/random_notes_796.wav,<|MIDI|> E1 G1 E3 A#4 C2 <|/MIDI|>
MIDI/random_notes_797.mid,MIDI2WAV/random_notes_797.wav,<|MIDI|> C3 F2 F1 A#5 C7 <|/MIDI|>
MIDI/random_notes_798.mid,MIDI2WAV/random_notes_798.wav,<|MIDI|> A5 G#1 F3 E6 A6 <|/MIDI|>
MIDI/random_notes_799.mid,MIDI2WAV/random_notes_799.wav,<|MIDI|> A4 A1 A3 A6 A#3 <|/MIDI|>
MIDI/random_notes_800.mid,MIDI2WAV/random_notes_800.wav,<|MIDI|> D#6 A#4 A3 G4 D#6 <|/MIDI|>
MIDI/random_notes_801.mid,MIDI2WAV/random_notes_801.wav,<|MIDI|> A#3 D6 B6 C6 A3 <|/MIDI|>
MIDI/random_notes_802.mid,MIDI2WAV/random_notes_802.wav,<|MIDI|> G2 G2 A3 B2 F#3 <|/MIDI|>
MIDI/random_notes_803.mid,MIDI2WAV/random_notes_803.wav,<|MIDI|> B5 C4 D7 A6 C2 <|/MIDI|>
MIDI/random_notes_804.mid,MIDI2WAV/random_notes_804.wav,<|MIDI|> A#6 C1 D1 G1 C7 <|/MIDI|>
MIDI/random_notes_805.mid,MIDI2WAV/random_notes_805.wav,<|MIDI|> D#3 F#6 G5 A#7 B7 <|/MIDI|>
MIDI/random_notes_806.mid,MIDI2WAV/random_notes_806.wav,<|MIDI|> C#2 G#1 A1 D6 D#2 <|/MIDI|>
MIDI/random_notes_807.mid,MIDI2WAV/random_notes_807.wav,<|MIDI|> F#2 D#3 D2 D7 E3 <|/MIDI|>
MIDI/random_notes_808.mid,MIDI2WAV/random_notes_808.wav,<|MIDI|> F#4 F#1 A3 D#7 D1 <|/MIDI|>
MIDI/random_notes_809.mid,MIDI2WAV/random_notes_809.wav,<|MIDI|> B5 D4 E2 D6 D7 <|/MIDI|>
MIDI/random_notes_810.mid,MIDI2WAV/random_notes_810.wav,<|MIDI|> C#3 G4 G#6 A#0 C#7 <|/MIDI|>
MIDI/random_notes_811.mid,MIDI2WAV/random_notes_811.wav,<|MIDI|> G6 G#2 A0 G#4 A#3 <|/MIDI|>
MIDI/random_notes_812.mid,MIDI2WAV/random_notes_812.wav,<|MIDI|> G1 D#6 F7 F5 F#5 <|/MIDI|>
MIDI/random_notes_813.mid,MIDI2WAV/random_notes_813.wav,<|MIDI|> E2 A#0 G3 B6 C1 <|/MIDI|>
MIDI/random_notes_814.mid,MIDI2WAV/random_notes_814.wav,<|MIDI|> G#7 F#6 G7 A#3 B3 <|/MIDI|>
MIDI/random_notes_815.mid,MIDI2WAV/random_notes_815.wav,<|MIDI|> F#7 D#4 A#5 C#5 D#5 <|/MIDI|>
MIDI/random_notes_816.mid,MIDI2WAV/random_notes_816.wav,<|MIDI|> A6 C2 E5 B1 G7 <|/MIDI|>
MIDI/random_notes_817.mid,MIDI2WAV/random_notes_817.wav,<|MIDI|> A#1 G5 C#4 C#5 A5 <|/MIDI|>
MIDI/random_notes_818.mid,MIDI2WAV/random_notes_818.wav,<|MIDI|> G5 D1 B1 D#4 F4 <|/MIDI|>
MIDI/random_notes_819.mid,MIDI2WAV/random_notes_819.wav,<|MIDI|> D5 F#4 D#6 B1 C5 <|/MIDI|>
MIDI/random_notes_820.mid,MIDI2WAV/random_notes_820.wav,<|MIDI|> A2 G#2 D#1 C#2 F#2 <|/MIDI|>
MIDI/random_notes_821.mid,MIDI2WAV/random_notes_821.wav,<|MIDI|> G7 B7 F6 A2 E4 <|/MIDI|>
MIDI/random_notes_822.mid,MIDI2WAV/random_notes_822.wav,<|MIDI|> F#5 A0 C#3 A#1 D3 <|/MIDI|>
MIDI/random_notes_823.mid,MIDI2WAV/random_notes_823.wav,<|MIDI|> D5 C#3 A7 F1 C3 <|/MIDI|>
MIDI/random_notes_824.mid,MIDI2WAV/random_notes_824.wav,<|MIDI|> F#5 G#5 A1 C4 F7 <|/MIDI|>
MIDI/random_notes_825.mid,MIDI2WAV/random_notes_825.wav,<|MIDI|> D5 A1 A7 E5 G6 <|/MIDI|>
MIDI/random_notes_826.mid,MIDI2WAV/random_notes_826.wav,<|MIDI|> B3 A#2 C#6 G#3 A#0 <|/MIDI|>
MIDI/random_notes_827.mid,MIDI2WAV/random_notes_827.wav,<|MIDI|> B5 C6 G#6 A2 D6 <|/MIDI|>
MIDI/random_notes_828.mid,MIDI2WAV/random_notes_828.wav,<|MIDI|> F2 C#4 G#4 C#6 D3 <|/MIDI|>
MIDI/random_notes_829.mid,MIDI2WAV/random_notes_829.wav,<|MIDI|> E5 E5 F#6 A#5 B7 <|/MIDI|>
MIDI/random_notes_830.mid,MIDI2WAV/random_notes_830.wav,<|MIDI|> D1 G#3 C#2 C1 B5 <|/MIDI|>
MIDI/random_notes_831.mid,MIDI2WAV/random_notes_831.wav,<|MIDI|> C5 C#7 A2 F#6 F7 <|/MIDI|>
MIDI/random_notes_832.mid,MIDI2WAV/random_notes_832.wav,<|MIDI|> B5 A#3 D#6 E2 F#1 <|/MIDI|>
MIDI/random_notes_833.mid,MIDI2WAV/random_notes_833.wav,<|MIDI|> A#0 C1 D6 B1 C5 <|/MIDI|>
MIDI/random_notes_834.mid,MIDI2WAV/random_notes_834.wav,<|MIDI|> D2 C8 F#6 F#7 C1 <|/MIDI|>
MIDI/random_notes_835.mid,MIDI2WAV/random_notes_835.wav,<|MIDI|> F#4 E5 D#7 A#5 A#6 <|/MIDI|>
MIDI/random_notes_836.mid,MIDI2WAV/random_notes_836.wav,<|MIDI|> G#5 C3 D1 A#3 F1 <|/MIDI|>
MIDI/random_notes_837.mid,MIDI2WAV/random_notes_837.wav,<|MIDI|> F1 E7 C#5 A#4 A1 <|/MIDI|>
MIDI/random_notes_838.mid,MIDI2WAV/random_notes_838.wav,<|MIDI|> A#6 D#3 G#3 C8 F#1 <|/MIDI|>
MIDI/random_notes_839.mid,MIDI2WAV/random_notes_839.wav,<|MIDI|> D#1 F#7 D3 B4 F1 <|/MIDI|>
MIDI/random_notes_840.mid,MIDI2WAV/random_notes_840.wav,<|MIDI|> D#7 G#3 F7 G#6 B3 <|/MIDI|>
MIDI/random_notes_841.mid,MIDI2WAV/random_notes_841.wav,<|MIDI|> B2 C#5 F5 A5 C#4 <|/MIDI|>
MIDI/random_notes_842.mid,MIDI2WAV/random_notes_842.wav,<|MIDI|> C#2 D#7 G#2 A#7 A0 <|/MIDI|>
MIDI/random_notes_843.mid,MIDI2WAV/random_notes_843.wav,<|MIDI|> G2 D#6 A5 D#6 A#2 <|/MIDI|>
MIDI/random_notes_844.mid,MIDI2WAV/random_notes_844.wav,<|MIDI|> E7 F2 A5 G#6 E3 <|/MIDI|>
MIDI/random_notes_845.mid,MIDI2WAV/random_notes_845.wav,<|MIDI|> F7 D#7 C6 C3 G#4 <|/MIDI|>
MIDI/random_notes_846.mid,MIDI2WAV/random_notes_846.wav,<|MIDI|> G6 C6 G7 G4 F5 <|/MIDI|>
MIDI/random_notes_847.mid,MIDI2WAV/random_notes_847.wav,<|MIDI|> C1 G6 F#3 C#4 F4 <|/MIDI|>
MIDI/random_notes_848.mid,MIDI2WAV/random_notes_848.wav,<|MIDI|> F#1 E4 C#3 D#7 D#2 <|/MIDI|>
MIDI/random_notes_849.mid,MIDI2WAV/random_notes_849.wav,<|MIDI|> A1 F7 D#5 C2 E4 <|/MIDI|>
MIDI/random_notes_850.mid,MIDI2WAV/random_notes_850.wav,<|MIDI|> B0 A7 G#5 C7 A#5 <|/MIDI|>
MIDI/random_notes_851.mid,MIDI2WAV/random_notes_851.wav,<|MIDI|> A#3 C#1 D2 C4 G3 <|/MIDI|>
MIDI/random_notes_852.mid,MIDI2WAV/random_notes_852.wav,<|MIDI|> A0 D5 D6 D4 E3 <|/MIDI|>
MIDI/random_notes_853.mid,MIDI2WAV/random_notes_853.wav,<|MIDI|> F5 C8 G2 A#4 D#5 <|/MIDI|>
MIDI/random_notes_854.mid,MIDI2WAV/random_notes_854.wav,<|MIDI|> B2 D2 D2 G7 D4 <|/MIDI|>
MIDI/random_notes_855.mid,MIDI2WAV/random_notes_855.wav,<|MIDI|> C#4 E3 F#1 G4 G3 <|/MIDI|>
MIDI/random_notes_856.mid,MIDI2WAV/random_notes_856.wav,<|MIDI|> F#4 G#4 A#4 D7 C#1 <|/MIDI|>
MIDI/random_notes_857.mid,MIDI2WAV/random_notes_857.wav,<|MIDI|> F5 A4 D#6 A#4 F4 <|/MIDI|>
MIDI/random_notes_858.mid,MIDI2WAV/random_notes_858.wav,<|MIDI|> F#4 A#2 B7 G#2 F#4 <|/MIDI|>
MIDI/random_notes_859.mid,MIDI2WAV/random_notes_859.wav,<|MIDI|> C8 G#3 E1 D3 C#1 <|/MIDI|>
MIDI/random_notes_860.mid,MIDI2WAV/random_notes_860.wav,<|MIDI|> A#7 C6 F#6 A0 E7 <|/MIDI|>
MIDI/random_notes_861.mid,MIDI2WAV/random_notes_861.wav,<|MIDI|> C#3 F#5 G7 D6 A1 <|/MIDI|>
MIDI/random_notes_862.mid,MIDI2WAV/random_notes_862.wav,<|MIDI|> D#6 B6 F5 F#4 B5 <|/MIDI|>
MIDI/random_notes_863.mid,MIDI2WAV/random_notes_863.wav,<|MIDI|> F#6 C#6 C3 D#5 E2 <|/MIDI|>
MIDI/random_notes_864.mid,MIDI2WAV/random_notes_864.wav,<|MIDI|> F1 D7 D#7 C#4 F#3 <|/MIDI|>
MIDI/random_notes_865.mid,MIDI2WAV/random_notes_865.wav,<|MIDI|> G3 C#4 F#3 A#1 A#4 <|/MIDI|>
MIDI/random_notes_866.mid,MIDI2WAV/random_notes_866.wav,<|MIDI|> C2 C2 C7 C4 A#5 <|/MIDI|>
MIDI/random_notes_867.mid,MIDI2WAV/random_notes_867.wav,<|MIDI|> B1 G1 F#3 A#0 G#7 <|/MIDI|>
MIDI/random_notes_868.mid,MIDI2WAV/random_notes_868.wav,<|MIDI|> C4 D#7 D#5 B3 C#2 <|/MIDI|>
MIDI/random_notes_869.mid,MIDI2WAV/random_notes_869.wav,<|MIDI|> A3 G#3 B7 F3 G2 <|/MIDI|>
MIDI/random_notes_870.mid,MIDI2WAV/random_notes_870.wav,<|MIDI|> G7 E4 B0 D#6 B7 <|/MIDI|>
MIDI/random_notes_871.mid,MIDI2WAV/random_notes_871.wav,<|MIDI|> D6 C#1 C#4 B2 A2 <|/MIDI|>
MIDI/random_notes_872.mid,MIDI2WAV/random_notes_872.wav,<|MIDI|> C#2 G3 F4 C4 C2 <|/MIDI|>
MIDI/random_notes_873.mid,MIDI2WAV/random_notes_873.wav,<|MIDI|> G#2 F6 C#6 A#0 G#1 <|/MIDI|>
MIDI/random_notes_874.mid,MIDI2WAV/random_notes_874.wav,<|MIDI|> A0 C5 D#6 D7 B5 <|/MIDI|>
MIDI/random_notes_875.mid,MIDI2WAV/random_notes_875.wav,<|MIDI|> D1 A#4 C#4 E6 G6 <|/MIDI|>
MIDI/random_notes_876.mid,MIDI2WAV/random_notes_876.wav,<|MIDI|> B4 D#7 C#2 E7 A#6 <|/MIDI|>
MIDI/random_notes_877.mid,MIDI2WAV/random_notes_877.wav,<|MIDI|> F5 E2 F#2 F1 C#4 <|/MIDI|>
MIDI/random_notes_878.mid,MIDI2WAV/random_notes_878.wav,<|MIDI|> D3 G#1 A#5 D2 G#2 <|/MIDI|>
MIDI/random_notes_879.mid,MIDI2WAV/random_notes_879.wav,<|MIDI|> G#5 A#6 F3 D#4 A#7 <|/MIDI|>
MIDI/random_notes_880.mid,MIDI2WAV/random_notes_880.wav,<|MIDI|> A#6 F#5 G#7 G#3 C6 <|/MIDI|>
MIDI/random_notes_881.mid,MIDI2WAV/random_notes_881.wav,<|MIDI|> G5 A#7 A5 G#7 D#4 <|/MIDI|>
MIDI/random_notes_882.mid,MIDI2WAV/random_notes_882.wav,<|MIDI|> C1 E5 D3 F6 G#2 <|/MIDI|>
MIDI/random_notes_883.mid,MIDI2WAV/random_notes_883.wav,<|MIDI|> D2 F3 B7 A#2 E4 <|/MIDI|>
MIDI/random_notes_884.mid,MIDI2WAV/random_notes_884.wav,<|MIDI|> C2 A#4 C2 B3 A6 <|/MIDI|>
MIDI/random_notes_885.mid,MIDI2WAV/random_notes_885.wav,<|MIDI|> G2 D3 A4 E5 C1 <|/MIDI|>
MIDI/random_notes_886.mid,MIDI2WAV/random_notes_886.wav,<|MIDI|> C#5 F1 C#5 D#5 D1 <|/MIDI|>
MIDI/random_notes_887.mid,MIDI2WAV/random_notes_887.wav,<|MIDI|> A#2 A4 C7 E4 G#3 <|/MIDI|>
MIDI/random_notes_888.mid,MIDI2WAV/random_notes_888.wav,<|MIDI|> D#7 D5 C7 F1 C#3 <|/MIDI|>
MIDI/random_notes_889.mid,MIDI2WAV/random_notes_889.wav,<|MIDI|> D6 F4 C#6 D#5 C8 <|/MIDI|>
MIDI/random_notes_890.mid,MIDI2WAV/random_notes_890.wav,<|MIDI|> C2 F#7 G1 A#1 B7 <|/MIDI|>
MIDI/random_notes_891.mid,MIDI2WAV/random_notes_891.wav,<|MIDI|> A0 C4 E2 B4 B0 <|/MIDI|>
MIDI/random_notes_892.mid,MIDI2WAV/random_notes_892.wav,<|MIDI|> D1 B6 D#1 D#4 G#3 <|/MIDI|>
MIDI/random_notes_893.mid,MIDI2WAV/random_notes_893.wav,<|MIDI|> A#1 A2 A7 C6 C#6 <|/MIDI|>
MIDI/random_notes_894.mid,MIDI2WAV/random_notes_894.wav,<|MIDI|> G#6 E5 A#6 G#7 E2 <|/MIDI|>
MIDI/random_notes_895.mid,MIDI2WAV/random_notes_895.wav,<|MIDI|> E2 C#4 C#4 A6 F4 <|/MIDI|>
MIDI/random_notes_896.mid,MIDI2WAV/random_notes_896.wav,<|MIDI|> D#1 G7 D#2 C6 D#7 <|/MIDI|>
MIDI/random_notes_897.mid,MIDI2WAV/random_notes_897.wav,<|MIDI|> C#1 C#7 A1 D2 F#2 <|/MIDI|>
MIDI/random_notes_898.mid,MIDI2WAV/random_notes_898.wav,<|MIDI|> D#3 D2 C3 D3 A#7 <|/MIDI|>
MIDI/random_notes_899.mid,MIDI2WAV/random_notes_899.wav,<|MIDI|> C3 E3 G#4 D#3 C7 <|/MIDI|>
MIDI/random_notes_900.mid,MIDI2WAV/random_notes_900.wav,<|MIDI|> A6 F#3 D2 G5 F1 <|/MIDI|>
MIDI/random_notes_901.mid,MIDI2WAV/random_notes_901.wav,<|MIDI|> A1 E5 D1 F#6 B4 <|/MIDI|>
MIDI/random_notes_902.mid,MIDI2WAV/random_notes_902.wav,<|MIDI|> A#5 C3 C4 G2 G3 <|/MIDI|>
MIDI/random_notes_903.mid,MIDI2WAV/random_notes_903.wav,<|MIDI|> C3 B4 G5 G4 E1 <|/MIDI|>
MIDI/random_notes_904.mid,MIDI2WAV/random_notes_904.wav,<|MIDI|> G#2 A#5 G#5 D#6 C5 <|/MIDI|>
MIDI/random_notes_905.mid,MIDI2WAV/random_notes_905.wav,<|MIDI|> A#4 F#3 B4 E4 G#6 <|/MIDI|>
MIDI/random_notes_906.mid,MIDI2WAV/random_notes_906.wav,<|MIDI|> C4 C6 A#5 F#1 A#4 <|/MIDI|>
MIDI/random_notes_907.mid,MIDI2WAV/random_notes_907.wav,<|MIDI|> A4 C6 E4 G#1 D#6 <|/MIDI|>
MIDI/random_notes_908.mid,MIDI2WAV/random_notes_908.wav,<|MIDI|> C#1 C2 F7 C#7 F7 <|/MIDI|>
MIDI/random_notes_909.mid,MIDI2WAV/random_notes_909.wav,<|MIDI|> A4 G7 C#1 G#2 A#1 <|/MIDI|>
MIDI/random_notes_910.mid,MIDI2WAV/random_notes_910.wav,<|MIDI|> F#5 C#1 F3 F#3 C1 <|/MIDI|>
MIDI/random_notes_911.mid,MIDI2WAV/random_notes_911.wav,<|MIDI|> E3 D4 C#7 C4 F2 <|/MIDI|>
MIDI/random_notes_912.mid,MIDI2WAV/random_notes_912.wav,<|MIDI|> C7 E4 G5 G2 C#1 <|/MIDI|>
MIDI/random_notes_913.mid,MIDI2WAV/random_notes_913.wav,<|MIDI|> G#1 F4 G#6 A7 A4 <|/MIDI|>
MIDI/random_notes_914.mid,MIDI2WAV/random_notes_914.wav,<|MIDI|> B1 F#6 C8 G#4 A6 <|/MIDI|>
MIDI/random_notes_915.mid,MIDI2WAV/random_notes_915.wav,<|MIDI|> F2 C6 A6 C#1 D#7 <|/MIDI|>
MIDI/random_notes_916.mid,MIDI2WAV/random_notes_916.wav,<|MIDI|> C6 D7 G1 E5 F6 <|/MIDI|>
MIDI/random_notes_917.mid,MIDI2WAV/random_notes_917.wav,<|MIDI|> D7 B2 G1 A1 A6 <|/MIDI|>
MIDI/random_notes_918.mid,MIDI2WAV/random_notes_918.wav,<|MIDI|> A2 F1 D#7 F#4 F5 <|/MIDI|>
MIDI/random_notes_919.mid,MIDI2WAV/random_notes_919.wav,<|MIDI|> A#3 G#2 D7 C#5 D#1 <|/MIDI|>
MIDI/random_notes_920.mid,MIDI2WAV/random_notes_920.wav,<|MIDI|> A#3 D#7 G#3 D#2 B3 <|/MIDI|>
MIDI/random_notes_921.mid,MIDI2WAV/random_notes_921.wav,<|MIDI|> C#2 D#7 B1 E6 E2 <|/MIDI|>
MIDI/random_notes_922.mid,MIDI2WAV/random_notes_922.wav,<|MIDI|> G3 C2 D1 F#6 A#1 <|/MIDI|>
MIDI/random_notes_923.mid,MIDI2WAV/random_notes_923.wav,<|MIDI|> F#4 F5 A4 A4 E4 <|/MIDI|>
MIDI/random_notes_924.mid,MIDI2WAV/random_notes_924.wav,<|MIDI|> A2 E3 D7 A#1 B7 <|/MIDI|>
MIDI/random_notes_925.mid,MIDI2WAV/random_notes_925.wav,<|MIDI|> B0 F#5 F#5 B6 C#1 <|/MIDI|>
MIDI/random_notes_926.mid,MIDI2WAV/random_notes_926.wav,<|MIDI|> A#4 F#6 A3 A4 D7 <|/MIDI|>
MIDI/random_notes_927.mid,MIDI2WAV/random_notes_927.wav,<|MIDI|> F#7 D6 C1 G2 A2 <|/MIDI|>
MIDI/random_notes_928.mid,MIDI2WAV/random_notes_928.wav,<|MIDI|> A#2 D#1 E5 D#4 A#4 <|/MIDI|>
MIDI/random_notes_929.mid,MIDI2WAV/random_notes_929.wav,<|MIDI|> A#4 G2 C7 B6 G#5 <|/MIDI|>
MIDI/random_notes_930.mid,MIDI2WAV/random_notes_930.wav,<|MIDI|> G#3 B1 C4 B5 A#5 <|/MIDI|>
MIDI/random_notes_931.mid,MIDI2WAV/random_notes_931.wav,<|MIDI|> D1 D#6 B4 F7 F#5 <|/MIDI|>
MIDI/random_notes_932.mid,MIDI2WAV/random_notes_932.wav,<|MIDI|> G7 C#4 C#1 D#1 F4 <|/MIDI|>
MIDI/random_notes_933.mid,MIDI2WAV/random_notes_933.wav,<|MIDI|> C8 A3 A#7 A#5 C2 <|/MIDI|>
MIDI/random_notes_934.mid,MIDI2WAV/random_notes_934.wav,<|MIDI|> A1 A#2 E3 D1 B1 <|/MIDI|>
MIDI/random_notes_935.mid,MIDI2WAV/random_notes_935.wav,<|MIDI|> G2 C#6 C#3 C#2 D#1 <|/MIDI|>
MIDI/random_notes_936.mid,MIDI2WAV/random_notes_936.wav,<|MIDI|> A#1 D#6 F#2 G4 A1 <|/MIDI|>
MIDI/random_notes_937.mid,MIDI2WAV/random_notes_937.wav,<|MIDI|> C2 B1 C8 C8 F#7 <|/MIDI|>
MIDI/random_notes_938.mid,MIDI2WAV/random_notes_938.wav,<|MIDI|> D2 G6 A4 C#7 A2 <|/MIDI|>
MIDI/random_notes_939.mid,MIDI2WAV/random_notes_939.wav,<|MIDI|> F#4 A1 A4 F3 E7 <|/MIDI|>
MIDI/random_notes_940.mid,MIDI2WAV/random_notes_940.wav,<|MIDI|> A#0 F5 G#5 A3 B2 <|/MIDI|>
MIDI/random_notes_941.mid,MIDI2WAV/random_notes_941.wav,<|MIDI|> G#3 B2 F#4 C#6 A7 <|/MIDI|>
MIDI/random_notes_942.mid,MIDI2WAV/random_notes_942.wav,<|MIDI|> C#1 E5 D3 A#6 F5 <|/MIDI|>
MIDI/random_notes_943.mid,MIDI2WAV/random_notes_943.wav,<|MIDI|> G#2 A#3 C4 D4 D#6 <|/MIDI|>
MIDI/random_notes_944.mid,MIDI2WAV/random_notes_944.wav,<|MIDI|> C1 F7 D3 A#4 G5 <|/MIDI|>
MIDI/random_notes_945.mid,MIDI2WAV/random_notes_945.wav,<|MIDI|> D4 A#3 D#7 G#7 D2 <|/MIDI|>
MIDI/random_notes_946.mid,MIDI2WAV/random_notes_946.wav,<|MIDI|> C#3 B4 C5 C#4 A0 <|/MIDI|>
MIDI/random_notes_947.mid,MIDI2WAV/random_notes_947.wav,<|MIDI|> C2 A5 E7 A5 F#5 <|/MIDI|>
MIDI/random_notes_948.mid,MIDI2WAV/random_notes_948.wav,<|MIDI|> C1 G7 A#6 D5 C2 <|/MIDI|>
MIDI/random_notes_949.mid,MIDI2WAV/random_notes_949.wav,<|MIDI|> D2 C4 D3 B7 A#4 <|/MIDI|>
MIDI/random_notes_950.mid,MIDI2WAV/random_notes_950.wav,<|MIDI|> A4 F2 D#3 G#2 C#4 <|/MIDI|>
MIDI/random_notes_951.mid,MIDI2WAV/random_notes_951.wav,<|MIDI|> B1 C4 C#4 G#3 G3 <|/MIDI|>
MIDI/random_notes_952.mid,MIDI2WAV/random_notes_952.wav,<|MIDI|> C#5 C#6 C#1 F2 B3 <|/MIDI|>
MIDI/random_notes_953.mid,MIDI2WAV/random_notes_953.wav,<|MIDI|> C3 G#3 F#1 C1 B5 <|/MIDI|>
MIDI/random_notes_954.mid,MIDI2WAV/random_notes_954.wav,<|MIDI|> E7 A#2 A0 A#6 F#4 <|/MIDI|>
MIDI/random_notes_955.mid,MIDI2WAV/random_notes_955.wav,<|MIDI|> B1 G5 F4 G#3 D1 <|/MIDI|>
MIDI/random_notes_956.mid,MIDI2WAV/random_notes_956.wav,<|MIDI|> G#5 D1 D#3 A#1 C4 <|/MIDI|>
MIDI/random_notes_957.mid,MIDI2WAV/random_notes_957.wav,<|MIDI|> C5 G5 G#1 G#6 A#7 <|/MIDI|>
MIDI/random_notes_958.mid,MIDI2WAV/random_notes_958.wav,<|MIDI|> C#4 F5 F7 E1 F7 <|/MIDI|>
MIDI/random_notes_959.mid,MIDI2WAV/random_notes_959.wav,<|MIDI|> D4 C7 A3 D#3 C#3 <|/MIDI|>
MIDI/random_notes_960.mid,MIDI2WAV/random_notes_960.wav,<|MIDI|> G#1 A#6 F#6 G#6 D6 <|/MIDI|>
MIDI/random_notes_961.mid,MIDI2WAV/random_notes_961.wav,<|MIDI|> C8 E7 D#4 C1 D5 <|/MIDI|>
MIDI/random_notes_962.mid,MIDI2WAV/random_notes_962.wav,<|MIDI|> B7 G#3 F4 A5 C5 <|/MIDI|>
MIDI/random_notes_963.mid,MIDI2WAV/random_notes_963.wav,<|MIDI|> F6 D#6 A#0 A#1 C6 <|/MIDI|>
MIDI/random_notes_964.mid,MIDI2WAV/random_notes_964.wav,<|MIDI|> D#1 A#3 A4 A6 F#1 <|/MIDI|>
MIDI/random_notes_965.mid,MIDI2WAV/random_notes_965.wav,<|MIDI|> C#5 C1 D#3 B2 F#5 <|/MIDI|>
MIDI/random_notes_966.mid,MIDI2WAV/random_notes_966.wav,<|MIDI|> C#2 C2 D#6 C#1 D#2 <|/MIDI|>
MIDI/random_notes_967.mid,MIDI2WAV/random_notes_967.wav,<|MIDI|> G#5 F3 G#7 D3 B3 <|/MIDI|>
MIDI/random_notes_968.mid,MIDI2WAV/random_notes_968.wav,<|MIDI|> D#6 A#4 A#4 D#2 G3 <|/MIDI|>
MIDI/random_notes_969.mid,MIDI2WAV/random_notes_969.wav,<|MIDI|> F#5 D#3 A#3 G5 F6 <|/MIDI|>
MIDI/random_notes_970.mid,MIDI2WAV/random_notes_970.wav,<|MIDI|> A2 G#1 D4 G1 A2 <|/MIDI|>
MIDI/random_notes_971.mid,MIDI2WAV/random_notes_971.wav,<|MIDI|> E7 E1 G#5 E2 G#6 <|/MIDI|>
MIDI/random_notes_972.mid,MIDI2WAV/random_notes_972.wav,<|MIDI|> G#2 D3 B3 F5 D4 <|/MIDI|>
MIDI/random_notes_973.mid,MIDI2WAV/random_notes_973.wav,<|MIDI|> A5 D1 E3 F7 A0 <|/MIDI|>
MIDI/random_notes_974.mid,MIDI2WAV/random_notes_974.wav,<|MIDI|> A0 G#4 A3 D#6 A5 <|/MIDI|>
MIDI/random_notes_975.mid,MIDI2WAV/random_notes_975.wav,<|MIDI|> A#0 B3 C4 G4 E4 <|/MIDI|>
MIDI/random_notes_976.mid,MIDI2WAV/random_notes_976.wav,<|MIDI|> E4 B2 F#7 G6 A7 <|/MIDI|>
MIDI/random_notes_977.mid,MIDI2WAV/random_notes_977.wav,<|MIDI|> G7 D7 D5 A2 D6 <|/MIDI|>
MIDI/random_notes_978.mid,MIDI2WAV/random_notes_978.wav,<|MIDI|> A#7 C5 E3 G3 A3 <|/MIDI|>
MIDI/random_notes_979.mid,MIDI2WAV/random_notes_979.wav,<|MIDI|> F#2 G#6 F#2 C#3 D#1 <|/MIDI|>
MIDI/random_notes_980.mid,MIDI2WAV/random_notes_980.wav,<|MIDI|> C6 F#4 F#4 C7 D#3 <|/MIDI|>
MIDI/random_notes_981.mid,MIDI2WAV/random_notes_981.wav,<|MIDI|> C#1 A7 C5 A#1 C6 <|/MIDI|>
MIDI/random_notes_982.mid,MIDI2WAV/random_notes_982.wav,<|MIDI|> A#2 D#4 G#1 A#3 A#5 <|/MIDI|>
MIDI/random_notes_983.mid,MIDI2WAV/random_notes_983.wav,<|MIDI|> F4 D3 F4 A#6 B7 <|/MIDI|>
MIDI/random_notes_984.mid,MIDI2WAV/random_notes_984.wav,<|MIDI|> D#1 F2 D#1 F#4 A7 <|/MIDI|>
MIDI/random_notes_985.mid,MIDI2WAV/random_notes_985.wav,<|MIDI|> D#6 C8 F4 A5 F#3 <|/MIDI|>
MIDI/random_notes_986.mid,MIDI2WAV/random_notes_986.wav,<|MIDI|> G#4 A#1 F3 D3 G#6 <|/MIDI|>
MIDI/random_notes_987.mid,MIDI2WAV/random_notes_987.wav,<|MIDI|> A2 A#7 F7 D4 B1 <|/MIDI|>
MIDI/random_notes_988.mid,MIDI2WAV/random_notes_988.wav,<|MIDI|> C7 B5 B1 A5 A5 <|/MIDI|>
MIDI/random_notes_989.mid,MIDI2WAV/random_notes_989.wav,<|MIDI|> A1 C#3 A#2 F#1 C#4 <|/MIDI|>
MIDI/random_notes_990.mid,MIDI2WAV/random_notes_990.wav,<|MIDI|> C8 D2 B1 G6 A#5 <|/MIDI|>
MIDI/random_notes_991.mid,MIDI2WAV/random_notes_991.wav,<|MIDI|> D2 D#5 F#3 A6 C#3 <|/MIDI|>
MIDI/random_notes_992.mid,MIDI2WAV/random_notes_992.wav,<|MIDI|> D#7 D#2 D#6 C#4 F#6 <|/MIDI|>
MIDI/random_notes_993.mid,MIDI2WAV/random_notes_993.wav,<|MIDI|> E7 E3 D2 G1 A#5 <|/MIDI|>
MIDI/random_notes_994.mid,MIDI2WAV/random_notes_994.wav,<|MIDI|> B5 C#2 D2 G#1 D5 <|/MIDI|>
MIDI/random_notes_995.mid,MIDI2WAV/random_notes_995.wav,<|MIDI|> A1 A5 A1 C#5 C8 <|/MIDI|>
MIDI/random_notes_996.mid,MIDI2WAV/random_notes_996.wav,<|MIDI|> C3 G2 C6 D4 A5 <|/MIDI|>
MIDI/random_notes_997.mid,MIDI2WAV/random_notes_997.wav,<|MIDI|> A5 C1 F6 C#7 C8 <|/MIDI|>
MIDI/random_notes_998.mid,MIDI2WAV/random_notes_998.wav,<|MIDI|> A4 F2 B2 C3 F#5 <|/MIDI|>
MIDI/random_notes_999.mid,MIDI2WAV/random_notes_999.wav,<|MIDI|> A#1 C#3 F2 F3 B0 <|/MIDI|>
MIDI/random_notes_1000.mid,MIDI2WAV/random_notes_1000.wav,<|MIDI|> A6 A5 G#2 G#4 A6 <|/MIDI|>
